job_name,framework,query,job_query_number,hardware_type,producer_rate,parallelism,parallelism_source,parallelism_avg,parallelism_sink,class,class_num,class_num_distinct,num_operators,path,artifact,meta__job_iteration,meta__job_sample,op1_name_flink,op1_name_storm,op1_selectivity,op1_latency_50,op1_latency_95,op1_latency_99,op2_name_storm,op2_selectivity,op2_latency_50,op2_latency_95,op2_latency_99
Flink smart grid job,flink,Smart Grid,1,c6525-100g,500000,"10,96,96,1",10,96.0,1,XXL,6,16,1,artifacts/smart-grid/c6525-100g/flink/500000,i0s0-c96fc556382fdd1b93927dd1f67b7190,0,0,Globalload,,0.0026329974553584248,98.56435701554288,166.69829906782007,178.27454313801007,,,,,
Flink smart grid job,flink,Smart Grid,1,c6525-100g,500000,"10,8,8,1",10,8.0,1,S,2,2,1,artifacts/smart-grid/c6525-100g/flink/500000,i0s0-a8e0ff6fa1c0ed319bff31c2afc5e7b9,0,0,Globalload,,0.0045309119252860824,77.46670962199312,151.50760309278348,169.6957731958763,,,,,
Flink smart grid job,flink,Smart Grid,1,c6525-100g,500000,"10,16,16,1",10,16.0,1,M,3,4,1,artifacts/smart-grid/c6525-100g/flink/500000,i0s0-d362de5bcb8fa051df25e3942bc5e786,0,0,Globalload,,0.002906153371550483,86.60981825453253,163.67784845657067,178.44964366334875,,,,,
Flink smart grid job,flink,Smart Grid,1,c6525-100g,500000,"10,32,32,1",10,32.0,1,L,4,7,1,artifacts/smart-grid/c6525-100g/flink/500000,i0s0-6d6d6ad5297df419146ece813e14a95d,0,0,Globalload,,0.0031357600796799484,97.19836258561644,174.99552654109587,185.5808240582192,,,,,
Flink smart grid job,flink,Smart Grid,1,c6525-100g,500000,"10,72,72,1",10,72.0,1,XXL,6,15,1,artifacts/smart-grid/c6525-100g/flink/500000,i0s0-bbedb2290ad1472059eea68dd453bbf7,0,0,Globalload,,0.0021953676814131552,97.5189744045503,167.5773228792247,180.71701097088913,,,,,
Flink smart grid job,flink,Smart Grid,1,c6525-100g,500000,"10,40,40,1",10,40.0,1,XL,5,8,1,artifacts/smart-grid/c6525-100g/flink/500000,i0s0-c46522fa3543c4c3de314ffdb06c3179,0,0,Globalload,,0.0015924006858176983,84.69339430894308,158.57402062463706,174.44969435370695,,,,,
Flink smart grid job,flink,Smart Grid,1,c6525-100g,500000,"10,64,64,1",10,64.0,1,XXL,6,13,1,artifacts/smart-grid/c6525-100g/flink/500000,i0s0-8b1a6d0587d2ac4d47b8df31b28128b2,0,0,Globalload,,0.0027339093732354257,99.19505561390811,168.74578567976798,180.59454494568803,,,,,
Flink smart grid job,flink,Smart Grid,1,c6525-100g,500000,"10,4,4,1",10,4.0,1,XS,1,1,1,artifacts/smart-grid/c6525-100g/flink/500000,i0s0-f17a1767b79044dd80ceed30a42cc807,0,0,Globalload,,0.00374391293900087,54.82474226804122,122.40833333333333,141.2701030927835,,,,,
Flink smart grid job,flink,Smart Grid,1,c6525-100g,500000,"10,48,48,1",10,48.0,1,XL,5,10,1,artifacts/smart-grid/c6525-100g/flink/500000,i0s0-ac94ed0dfbb0ff6cdeaf9f6320eb370f,0,0,Globalload,,0.002189334647257803,98.57382130184271,172.05650065202423,183.70146146769287,,,,,
Flink smart grid job,flink,Smart Grid,1,c6525-100g,500000,"10,80,80,1",10,80.0,1,XXL,6,16,1,artifacts/smart-grid/c6525-100g/flink/500000,i0s0-b8413e5a3a715477e6f35fdc3c8ba10c,0,0,Globalload,,0.0032908187882344135,98.8054176274294,169.53994530013537,182.4788040792951,,,,,
Flink smart grid job,flink,Smart Grid,1,c6525-100g,500000,"10,2,2,1",10,2.0,1,XS,1,1,1,artifacts/smart-grid/c6525-100g/flink/500000,i0s0-b3ff9c22fc7e5e2d914fd3c137031005,0,0,Globalload,,0.004728566413911542,37.62972508591065,100.03359106529209,109.02034364261175,,,,,
Flink smart grid job,flink,Smart Grid,1,c6525-100g,100000,"10,80,80,1",10,80.0,1,XXL,6,16,1,artifacts/smart-grid/c6525-100g/flink/100000,i0s0-7c1cbe415c0d2a40c306fbfd911d3691,0,0,Globalload,,0.010003067808556507,107.315137234862,172.59063165807564,182.511934790852,,,,,
Flink smart grid job,flink,Smart Grid,1,c6525-100g,100000,"10,4,4,1",10,4.0,1,XS,1,1,1,artifacts/smart-grid/c6525-100g/flink/100000,i0s0-eb6b0f80c8a9efcf69f067c90b11d0b9,0,0,Globalload,,0.008983197696402923,82.48166666666663,135.76758333333333,144.50968333333336,,,,,
Flink smart grid job,flink,Smart Grid,1,c6525-100g,100000,"10,32,32,1",10,32.0,1,L,4,7,1,artifacts/smart-grid/c6525-100g/flink/100000,i0s0-bdfd604be5c604654094fad3e6bfcb54,0,0,Globalload,,0.009867268505345,105.93614042688705,183.26638630910062,194.5320767419125,,,,,
Flink smart grid job,flink,Smart Grid,1,c6525-100g,100000,"10,72,72,1",10,72.0,1,XXL,6,15,1,artifacts/smart-grid/c6525-100g/flink/100000,i0s0-66287f843a99bd6150b6d87cc934bf50,0,0,Globalload,,0.012281160334193039,116.04238094297641,181.38500862398126,190.07965571881869,,,,,
Flink smart grid job,flink,Smart Grid,1,c6525-100g,100000,"10,64,64,1",10,64.0,1,XXL,6,13,1,artifacts/smart-grid/c6525-100g/flink/100000,i0s0-52bce394d53d803d212e7768a738fc1f,0,0,Globalload,,0.011981509907925191,100.30002351433816,171.2209195402299,183.86529019655768,,,,,
Flink smart grid job,flink,Smart Grid,1,c6525-100g,100000,"10,96,96,1",10,96.0,1,XXL,6,16,1,artifacts/smart-grid/c6525-100g/flink/100000,i0s0-b3ee065c5036d9a166c7a8884e2ee331,0,0,Globalload,,0.010140306880215033,109.14164893948603,173.37151511753507,183.33942603869593,,,,,
Flink smart grid job,flink,Smart Grid,1,c6525-100g,100000,"10,40,40,1",10,40.0,1,XL,5,8,1,artifacts/smart-grid/c6525-100g/flink/100000,i0s0-bd5d26bf27627efe88db17f7bc65a2bc,0,0,Globalload,,0.010576078288941058,104.23750000000001,173.71059707903777,185.8095326460481,,,,,
Flink smart grid job,flink,Smart Grid,1,c6525-100g,100000,"10,48,48,1",10,48.0,1,XL,5,10,1,artifacts/smart-grid/c6525-100g/flink/100000,i0s0-1628b849a4402927606717b1577e7544,0,0,Globalload,,0.007128983711682589,116.45600347530662,185.63405475409863,193.22285704197645,,,,,
Flink smart grid job,flink,Smart Grid,1,c6525-100g,100000,"10,8,8,1",10,8.0,1,S,2,2,1,artifacts/smart-grid/c6525-100g/flink/100000,i0s0-86b190603556bf1f404ddde2ad4d3fc8,0,0,Globalload,,0.008560613806031361,92.04327454926327,173.79455166113547,187.15763989902558,,,,,
Flink smart grid job,flink,Smart Grid,1,c6525-100g,100000,"10,16,16,1",10,16.0,1,M,3,4,1,artifacts/smart-grid/c6525-100g/flink/100000,i0s0-27a403a39ffaba2abce8f02ec2a6db29,0,0,Globalload,,0.005815175056548933,84.84602076124568,149.53278546712798,165.85097750865057,,,,,
Flink smart grid job,flink,Smart Grid,1,c6525-100g,100000,"10,2,2,1",10,2.0,1,XS,1,1,1,artifacts/smart-grid/c6525-100g/flink/100000,i0s0-6b76c3eb16912bac620a9fa9e8572e26,0,0,Globalload,,0.011541205840193629,85.23583333333333,168.21000000000006,178.73976666666678,,,,,
Flink smart grid job,flink,Smart Grid,1,c6525-100g,1000000,"10,64,64,1",10,64.0,1,XXL,6,13,1,artifacts/smart-grid/c6525-100g/flink/1000000,i0s0-3c3bdc56193964924948485d80dc8e99,0,0,Globalload,,0.002495139952880216,99.13153645833331,168.94736458333333,180.90527499999996,,,,,
Flink smart grid job,flink,Smart Grid,1,c6525-100g,1000000,"10,40,40,1",10,40.0,1,XL,5,8,1,artifacts/smart-grid/c6525-100g/flink/1000000,i0s0-3187ef97f111f7110a6c59949c40aaed,0,0,Globalload,,0.0026355228606939015,93.19487500000004,166.86702916666664,180.42154666666667,,,,,
Flink smart grid job,flink,Smart Grid,1,c6525-100g,1000000,"10,96,96,1",10,96.0,1,XXL,6,16,1,artifacts/smart-grid/c6525-100g/flink/1000000,i0s0-615a029ca7471042265005a4a323fbc5,0,0,Globalload,,0.00164233485180667,100.97644097222222,169.05350868055555,180.83556944444445,,,,,
Flink smart grid job,flink,Smart Grid,1,c6525-100g,1000000,"10,32,32,1",10,32.0,1,L,4,7,1,artifacts/smart-grid/c6525-100g/flink/1000000,i0s0-4561365d66c4aec66840b8485df5e958,0,0,Globalload,,0.0026085945577192346,98.5841666666667,171.10743229166664,184.1607729166667,,,,,
Flink smart grid job,flink,Smart Grid,1,c6525-100g,1000000,"10,72,72,1",10,72.0,1,XXL,6,15,1,artifacts/smart-grid/c6525-100g/flink/1000000,i0s0-6ff555de940296c1bb66ca48af02c1c7,0,0,Globalload,,0.0016051896511293199,100.25277777777777,169.2210787037037,180.41533981481479,,,,,
Flink smart grid job,flink,Smart Grid,1,c6525-100g,1000000,"10,80,80,1",10,80.0,1,XXL,6,16,1,artifacts/smart-grid/c6525-100g/flink/1000000,i0s0-e292ef8d536c8411538b60874fa56c73,0,0,Globalload,,0.0016085294310584112,99.2615625,169.8097395833333,181.89176666666668,,,,,
Flink smart grid job,flink,Smart Grid,1,c6525-100g,1000000,"10,4,4,1",10,4.0,1,XS,1,1,1,artifacts/smart-grid/c6525-100g/flink/1000000,i0s0-dd023a4318502d2ed957984027198814,0,0,Globalload,,0.0023585683330338597,52.5875,128.18820833333336,147.1059333333333,,,,,
Flink smart grid job,flink,Smart Grid,1,c6525-100g,1000000,"10,16,16,1",10,16.0,1,M,3,4,1,artifacts/smart-grid/c6525-100g/flink/1000000,i0s0-22cad57bd6a0fb76f6bf1bce953d8146,0,0,Globalload,,0.0030498357036382916,80.74291666666666,160.48815624999997,176.7468041666667,,,,,
Flink smart grid job,flink,Smart Grid,1,c6525-100g,1000000,"10,2,2,1",10,2.0,1,XS,1,1,1,artifacts/smart-grid/c6525-100g/flink/1000000,i0s0-882d07379746550f45ee442f23fd2419,0,0,Globalload,,0.003279634576916955,29.440833333333373,81.54549999999998,93.9300666666667,,,,,
Flink smart grid job,flink,Smart Grid,1,c6525-100g,1000000,"10,48,48,1",10,48.0,1,XL,5,10,1,artifacts/smart-grid/c6525-100g/flink/1000000,i0s0-4c26314eb52137867d92cfaefdc4de99,0,0,Globalload,,0.0013737658083292211,99.60034722222223,174.5174236111111,185.62643194444445,,,,,
Flink smart grid job,flink,Smart Grid,1,c6525-100g,1000000,"10,8,8,1",10,8.0,1,S,2,2,1,artifacts/smart-grid/c6525-100g/flink/1000000,i0s0-095c984be2fe8e554c72273cda8b3e55,0,0,Globalload,,0.002463057808938186,57.98979166666667,137.83304166666665,160.45166666666668,,,,,
SmartGrid,storm,Smart Grid,1,c6525-100g,500000,"10,2,2,1",10,2.0,1,XS,1,1,2,artifacts/smart-grid/c6525-100g/storm/500000,i0s0-SmartGrid-16-1760139536,0,0,,house-event-parser-bolt,1.0000098324528957,0.002,0.002,0.002,global-median-bolt,0.007932790299247915,0.0,0.0,0.0
SmartGrid,storm,Smart Grid,1,c6525-100g,500000,"10,32,32,1",10,32.0,1,L,4,7,2,artifacts/smart-grid/c6525-100g/storm/500000,i4s0-SmartGrid-20-1760141157,4,0,,house-event-parser-bolt,1.000016658928664,0.004,0.005,0.005,global-median-bolt,0.007744778682780366,0.0,0.0,0.0
SmartGrid,storm,Smart Grid,1,c6525-100g,500000,"10,80,80,1",10,80.0,1,XXL,6,16,2,artifacts/smart-grid/c6525-100g/storm/500000,i9s0-SmartGrid-25-1760143180,9,0,,house-event-parser-bolt,0.9999733311732768,0.005,0.007,0.007,global-median-bolt,0.00732396318633957,0.0,0.0,0.0
SmartGrid,storm,Smart Grid,1,c6525-100g,500000,"10,64,64,1",10,64.0,1,XXL,6,13,2,artifacts/smart-grid/c6525-100g/storm/500000,i7s0-SmartGrid-23-1760142366,7,0,,house-event-parser-bolt,1.0000241153612355,0.005,0.006,0.006,global-median-bolt,0.007644952247122277,0.0,0.0,0.0
SmartGrid,storm,Smart Grid,1,c6525-100g,500000,"10,40,40,1",10,40.0,1,XL,5,8,2,artifacts/smart-grid/c6525-100g/storm/500000,i5s0-SmartGrid-21-1760141560,5,0,,house-event-parser-bolt,0.9999531389639379,0.004,0.005,0.005,global-median-bolt,0.006618733644602231,0.0,0.0,0.0
SmartGrid,storm,Smart Grid,1,c6525-100g,500000,"10,8,8,1",10,8.0,1,S,2,2,2,artifacts/smart-grid/c6525-100g/storm/500000,i2s0-SmartGrid-18-1760140348,2,0,,house-event-parser-bolt,0.999986419596199,0.003,0.004,0.004,global-median-bolt,0.006783679596683325,0.0,0.0,0.0
SmartGrid,storm,Smart Grid,1,c6525-100g,500000,"10,16,16,1",10,16.0,1,M,3,4,2,artifacts/smart-grid/c6525-100g/storm/500000,i3s0-SmartGrid-19-1760140754,3,0,,house-event-parser-bolt,0.9999869837535666,0.003,0.004,0.004,global-median-bolt,0.005921159940835023,0.0,0.0,0.0
SmartGrid,storm,Smart Grid,1,c6525-100g,500000,"10,4,4,1",10,4.0,1,XS,1,1,2,artifacts/smart-grid/c6525-100g/storm/500000,i1s0-SmartGrid-17-1760139944,1,0,,house-event-parser-bolt,0.9999941974216138,0.003,0.003,0.003,global-median-bolt,0.006656009806415892,0.0,0.0,0.0
SmartGrid,storm,Smart Grid,1,c6525-100g,500000,"10,48,48,1",10,48.0,1,XL,5,10,2,artifacts/smart-grid/c6525-100g/storm/500000,i6s0-SmartGrid-22-1760141963,6,0,,house-event-parser-bolt,1.0000398325729585,0.004,0.005,0.005,global-median-bolt,0.0068136607392986085,0.0,0.0,0.0
SmartGrid,storm,Smart Grid,1,c6525-100g,500000,"10,96,96,1",10,96.0,1,XXL,6,16,2,artifacts/smart-grid/c6525-100g/storm/500000,i10s0-SmartGrid-26-1760143595,10,0,,house-event-parser-bolt,0.9999643524052849,0.005,0.007,0.007,global-median-bolt,0.007373010911099022,0.0,0.0,0.0
SmartGrid,storm,Smart Grid,1,c6525-100g,500000,"10,72,72,1",10,72.0,1,XXL,6,15,2,artifacts/smart-grid/c6525-100g/storm/500000,i8s0-SmartGrid-24-1760142767,8,0,,house-event-parser-bolt,1.0000401218495654,0.005,0.006,0.006,global-median-bolt,0.0069003695149563215,0.0,0.0,0.0
SmartGrid,storm,Smart Grid,1,c6525-100g,100000,"10,96,96,1",10,96.0,1,XXL,6,16,2,artifacts/smart-grid/c6525-100g/storm/100000,i10s0-SmartGrid-15-1760138929,10,0,,house-event-parser-bolt,0.9998799812965072,0.006,0.008,0.008,global-median-bolt,0.015605938095867425,0.0,0.001,0.001
SmartGrid,storm,Smart Grid,1,c6525-100g,100000,"10,4,4,1",10,4.0,1,XS,1,1,2,artifacts/smart-grid/c6525-100g/storm/100000,i1s0-SmartGrid-6-1760135301,1,0,,house-event-parser-bolt,0.9999940279967513,0.003,0.003,0.003,global-median-bolt,0.020333928503590018,0.0,0.0,0.0
SmartGrid,storm,Smart Grid,1,c6525-100g,100000,"10,80,80,1",10,80.0,1,XXL,6,16,2,artifacts/smart-grid/c6525-100g/storm/100000,i9s0-SmartGrid-14-1760138527,9,0,,house-event-parser-bolt,0.9999561716501976,0.006,0.008,0.008,global-median-bolt,0.016188831049753792,0.0,0.001,0.001
SmartGrid,storm,Smart Grid,1,c6525-100g,100000,"10,8,8,1",10,8.0,1,S,2,2,2,artifacts/smart-grid/c6525-100g/storm/100000,i2s0-SmartGrid-7-1760135704,2,0,,house-event-parser-bolt,1.0000413080273647,0.003,0.004,0.004,global-median-bolt,0.018153694592908682,0.0,0.0,0.0
SmartGrid,storm,Smart Grid,1,c6525-100g,100000,"10,72,72,1",10,72.0,1,XXL,6,15,2,artifacts/smart-grid/c6525-100g/storm/100000,i8s0-SmartGrid-13-1760138125,8,0,,house-event-parser-bolt,1.000013826644369,0.005,0.008,0.008,global-median-bolt,0.018721103792957182,0.0,0.0,0.0
SmartGrid,storm,Smart Grid,1,c6525-100g,100000,"10,64,64,1",10,64.0,1,XXL,6,13,2,artifacts/smart-grid/c6525-100g/storm/100000,i7s0-SmartGrid-12-1760137722,7,0,,house-event-parser-bolt,1.0000233165210777,0.005,0.007,0.007,global-median-bolt,0.01560232725411005,0.0,0.0,0.0
SmartGrid,storm,Smart Grid,1,c6525-100g,100000,"10,16,16,1",10,16.0,1,M,3,4,2,artifacts/smart-grid/c6525-100g/storm/100000,i3s0-SmartGrid-8-1760136107,3,0,,house-event-parser-bolt,1.0001082870481401,0.003,0.005,0.005,global-median-bolt,0.013727709866654824,0.0,0.0,0.0
SmartGrid,storm,Smart Grid,1,c6525-100g,100000,"10,40,40,1",10,40.0,1,XL,5,8,2,artifacts/smart-grid/c6525-100g/storm/100000,i5s0-SmartGrid-10-1760136915,5,0,,house-event-parser-bolt,0.999921186521298,0.005,0.006,0.006,global-median-bolt,0.011955800168877628,0.0,0.0,0.0
SmartGrid,storm,Smart Grid,1,c6525-100g,100000,"10,48,48,1",10,48.0,1,XL,5,10,2,artifacts/smart-grid/c6525-100g/storm/100000,i6s0-SmartGrid-11-1760137317,6,0,,house-event-parser-bolt,0.9998413699526921,0.005,0.006,0.006,global-median-bolt,0.01564741021001147,0.0,0.0,0.0
SmartGrid,storm,Smart Grid,1,c6525-100g,100000,"10,32,32,1",10,32.0,1,L,4,7,2,artifacts/smart-grid/c6525-100g/storm/100000,i4s0-SmartGrid-9-1760136511,4,0,,house-event-parser-bolt,0.9999758409282685,0.004,0.005,0.005,global-median-bolt,0.019956205309843583,0.0,0.0,0.0
SmartGrid,storm,Smart Grid,1,c6525-100g,100000,"10,2,2,1",10,2.0,1,XS,1,1,2,artifacts/smart-grid/c6525-100g/storm/100000,i0s0-SmartGrid-5-1760134897,0,0,,house-event-parser-bolt,1.0000034793415833,0.002,0.003,0.003,global-median-bolt,0.012743576208320919,0.0,0.0,0.0
SmartGrid,storm,Smart Grid,1,c6525-100g,1000000,"10,16,16,1",10,16.0,1,M,3,4,2,artifacts/smart-grid/c6525-100g/storm/1000000,i3s0-SmartGrid-30-1760145342,3,0,,house-event-parser-bolt,0.9999789170714719,0.004,0.004,0.004,global-median-bolt,0.005084363481503884,0.0,0.0,0.0
SmartGrid,storm,Smart Grid,1,c6525-100g,1000000,"10,2,2,1",10,2.0,1,XS,1,1,2,artifacts/smart-grid/c6525-100g/storm/1000000,i0s0-SmartGrid-27-1760144096,0,0,,house-event-parser-bolt,1.0000011875433041,0.002,0.003,0.003,global-median-bolt,0.00747954991007837,0.0,0.0,0.0
SmartGrid,storm,Smart Grid,1,c6525-100g,1000000,"10,64,64,1",10,64.0,1,XXL,6,13,2,artifacts/smart-grid/c6525-100g/storm/1000000,i7s0-SmartGrid-34-1760147007,7,0,,house-event-parser-bolt,1.00002449616635,0.005,0.006,0.006,global-median-bolt,0.00527014042437784,0.0,0.0,0.0
SmartGrid,storm,Smart Grid,1,c6525-100g,1000000,"10,8,8,1",10,8.0,1,S,2,2,2,artifacts/smart-grid/c6525-100g/storm/1000000,i2s0-SmartGrid-29-1760144926,2,0,,house-event-parser-bolt,1.0000102998930271,0.003,0.003,0.003,global-median-bolt,0.004348964775441203,0.0,0.0,0.0
SmartGrid,storm,Smart Grid,1,c6525-100g,1000000,"10,32,32,1",10,32.0,1,L,4,7,2,artifacts/smart-grid/c6525-100g/storm/1000000,i4s0-SmartGrid-31-1760145756,4,0,,house-event-parser-bolt,0.999987551310322,0.004,0.004,0.004,global-median-bolt,0.005020466816837052,0.0,0.0,0.0
SmartGrid,storm,Smart Grid,1,c6525-100g,1000000,"10,40,40,1",10,40.0,1,XL,5,8,2,artifacts/smart-grid/c6525-100g/storm/1000000,i5s0-SmartGrid-32-1760146172,5,0,,house-event-parser-bolt,0.9999732928323403,0.005,0.005,0.005,global-median-bolt,0.0051679267438996855,0.0,0.0,0.0
SmartGrid,storm,Smart Grid,1,c6525-100g,1000000,"10,72,72,1",10,72.0,1,XXL,6,15,2,artifacts/smart-grid/c6525-100g/storm/1000000,i8s0-SmartGrid-35-1760147420,8,0,,house-event-parser-bolt,0.9999804998780429,0.005,0.006,0.006,global-median-bolt,0.006258794864673543,0.0,0.0,0.0
SmartGrid,storm,Smart Grid,1,c6525-100g,1000000,"10,4,4,1",10,4.0,1,XS,1,1,2,artifacts/smart-grid/c6525-100g/storm/1000000,i1s0-SmartGrid-28-1760144509,1,0,,house-event-parser-bolt,1.0000005560735645,0.003,0.003,0.003,global-median-bolt,0.004660313616785834,0.0,0.0,0.0
SmartGrid,storm,Smart Grid,1,c6525-100g,1000000,"10,96,96,1",10,96.0,1,XXL,6,16,2,artifacts/smart-grid/c6525-100g/storm/1000000,i10s0-SmartGrid-37-1760148248,10,0,,house-event-parser-bolt,0.9999837830521302,0.006,0.007,0.007,global-median-bolt,0.006772857714002843,0.0,0.0,0.0
SmartGrid,storm,Smart Grid,1,c6525-100g,1000000,"10,80,80,1",10,80.0,1,XXL,6,16,2,artifacts/smart-grid/c6525-100g/storm/1000000,i9s0-SmartGrid-36-1760147834,9,0,,house-event-parser-bolt,1.0000012695492269,0.005,0.007,0.007,global-median-bolt,0.005589238574525891,0.0,0.0,0.0
SmartGrid,storm,Smart Grid,1,c6525-100g,1000000,"10,48,48,1",10,48.0,1,XL,5,10,2,artifacts/smart-grid/c6525-100g/storm/1000000,i6s0-SmartGrid-33-1760146588,6,0,,house-event-parser-bolt,1.0000007617432627,0.005,0.005,0.005,global-median-bolt,0.005667609355597346,0.0,0.0,0.0
Flink smart grid job,flink,Smart Grid,1,m510,500000,"10,32,32,1",10,32.0,1,L,4,7,1,artifacts/smart-grid/m510/Flink/500000,i0s0-d80214b6ead9b3b29e5bb5a28881bf83,0,0,Globalload,,0.0066450480165569335,96.42828125,167.2330208333333,180.72742500000004,,,,,
Flink smart grid job,flink,Smart Grid,1,m510,500000,"10,4,4,1",10,4.0,1,XS,1,1,1,artifacts/smart-grid/m510/Flink/500000,i0s0-0701b830e27102a324f440e30073fc65,0,0,Globalload,,0.004964607988062766,61.276250000000026,132.82358333333332,151.6198,,,,,
Flink smart grid job,flink,Smart Grid,1,m510,500000,"10,16,16,1",10,16.0,1,M,3,4,1,artifacts/smart-grid/m510/Flink/500000,i0s0-8be576950a79183775dfeb68469adb2f,0,0,Globalload,,0.00641334232448942,90.56281249999999,161.49222916666665,176.32025416666673,,,,,
Flink smart grid job,flink,Smart Grid,1,m510,500000,"10,2,2,1",10,2.0,1,XS,1,1,1,artifacts/smart-grid/m510/Flink/500000,i0s0-5e8e95aef1793ab14c83a2adb84159a4,0,0,Globalload,,0.0071581417026491114,44.16000000000001,104.31583333333333,114.25156666666666,,,,,
Flink smart grid job,flink,Smart Grid,1,m510,500000,"10,8,8,1",10,8.0,1,S,2,2,1,artifacts/smart-grid/m510/Flink/500000,i0s0-2e4e6af2cc6bfd5cfaefdaa1b5400fb3,0,0,Globalload,,0.005403539265429062,76.27770833333331,152.75195833333333,170.60784999999998,,,,,
Flink smart grid job,flink,Smart Grid,1,m510,500000,"10,40,40,1",10,40.0,1,XL,5,8,1,artifacts/smart-grid/m510/Flink/500000,i0s0-ebc8c06ae9f3dd3f77250ba14e0366cc,0,0,Globalload,,0.007729357863035922,98.220979020979,168.3152403846154,181.30737762237752,,,,,
Flink smart grid job,flink,Smart Grid,1,m510,100000,"10,2,2,1",10,2.0,1,XS,1,1,1,artifacts/smart-grid/m510/Flink/100000,i0s0-1d2aa269eec30ce0dff618cce2318be3,0,0,Globalload,,0.01709336007500371,83.20166666666668,155.7407500000001,172.09909999999996,,,,,
Flink smart grid job,flink,Smart Grid,1,m510,100000,"10,4,4,1",10,4.0,1,XS,1,1,1,artifacts/smart-grid/m510/Flink/100000,i0s0-4d9f8d8a4389b5799f7d1261cc01d15b,0,0,Globalload,,0.013341636145231983,86.12833333333336,157.5068749999999,172.66455,,,,,
Flink smart grid job,flink,Smart Grid,1,m510,100000,"10,40,40,1",10,40.0,1,XL,5,8,1,artifacts/smart-grid/m510/Flink/100000,i0s0-4ea55d69a0801ce881191057405e9f55,0,0,Globalload,,0.02074422226276746,101.20658333333336,170.61096250000003,183.05327333333332,,,,,
Flink smart grid job,flink,Smart Grid,1,m510,100000,"10,16,16,1",10,16.0,1,M,3,4,1,artifacts/smart-grid/m510/Flink/100000,i0s0-6b4925fe7ffed78fa8c50c693daeab6a,0,0,Globalload,,0.018081637789495883,98.90812499999998,169.37616666666668,182.32445833333333,,,,,
Flink smart grid job,flink,Smart Grid,1,m510,100000,"10,8,8,1",10,8.0,1,S,2,2,1,artifacts/smart-grid/m510/Flink/100000,i0s0-193927642e98c6d33b504498c8b15fe6,0,0,Globalload,,0.018199121341217425,95.58020833333332,166.52977083333337,179.71818333333334,,,,,
Flink smart grid job,flink,Smart Grid,1,m510,100000,"10,32,32,1",10,32.0,1,L,4,7,1,artifacts/smart-grid/m510/Flink/100000,i0s0-dbda802fec1fc4c287d23118a7ca42aa,0,0,Globalload,,0.026344861391072963,99.81500000000001,169.51534895833336,182.04701666666668,,,,,
Flink smart grid job,flink,Smart Grid,1,m510,1000000,"10,2,2,1",10,2.0,1,XS,1,1,1,artifacts/smart-grid/m510/Flink/1000000,i0s0-f57a8e2771bb3b6be1b8b97b229f9261,0,0,Globalload,,0.004184343445164874,47.54833333333333,111.69524999999999,122.76080000000002,,,,,
Flink smart grid job,flink,Smart Grid,1,m510,1000000,"10,32,32,1",10,32.0,1,L,4,7,1,artifacts/smart-grid/m510/Flink/1000000,i0s0-64b43e3da4bf83fb11d9dccf0a7501cf,0,0,Globalload,,0.0040459792504122195,92.08770833333334,162.60931250000004,177.58822083333337,,,,,
Flink smart grid job,flink,Smart Grid,1,m510,1000000,"10,8,8,1",10,8.0,1,S,2,2,1,artifacts/smart-grid/m510/Flink/1000000,i0s0-55d0795018dcb88c0ad9f3b09fcdb658,0,0,Globalload,,0.003437549224217065,57.99770833333334,122.27406249999999,138.88590833333336,,,,,
Flink smart grid job,flink,Smart Grid,1,m510,1000000,"10,4,4,1",10,4.0,1,XS,1,1,1,artifacts/smart-grid/m510/Flink/1000000,i0s0-9f66e179b3cd3c1922474a8e6df2f78a,0,0,Globalload,,0.002982187183819789,42.73083333333335,106.47620833333332,122.50016666666667,,,,,
Flink smart grid job,flink,Smart Grid,1,m510,1000000,"10,40,40,1",10,40.0,1,XL,5,8,1,artifacts/smart-grid/m510/Flink/1000000,i0s0-8d045c71263505c52cb7e814071e3bac,0,0,Globalload,,0.003262747634623794,95.0662916666667,166.1507041666667,180.64052,,,,,
Flink smart grid job,flink,Smart Grid,1,m510,1000000,"10,16,16,1",10,16.0,1,M,3,4,1,artifacts/smart-grid/m510/Flink/1000000,i0s0-d29c1a760561396fdddf727c121cab4a,0,0,Globalload,,0.0034408671174156304,80.72458333333333,150.34436458333332,167.55467916666674,,,,,
SmartGrid,storm,Smart Grid,1,m510,500000,"10,16,16,1",10,16.0,1,M,3,4,2,artifacts/smart-grid/m510/storm/500000,i0s0-SmartGrid-4-1757792930,0,0,,house-event-parser-bolt,1.0000111877715538,0.012,0.014,0.014,global-median-bolt,0.007212169189293842,0.001,0.001,0.001
SmartGrid,storm,Smart Grid,1,m510,500000,"10,4,4,1",10,4.0,1,XS,1,1,2,artifacts/smart-grid/m510/storm/500000,i0s0-SmartGrid-2-1757790307,0,0,,house-event-parser-bolt,1.0000240937411424,0.008,0.01,0.01,global-median-bolt,0.009896962710962902,0.001,0.001,0.001
SmartGrid,storm,Smart Grid,1,m510,500000,"10,8,8,1",10,8.0,1,S,2,2,2,artifacts/smart-grid/m510/storm/500000,i0s0-SmartGrid-3-1757790816,0,0,,house-event-parser-bolt,1.0000034858398097,0.01,0.012,0.012,global-median-bolt,0.007250241174175612,0.001,0.001,0.001
SmartGrid,storm,Smart Grid,1,m510,500000,"10,32,32,1",10,32.0,1,L,4,7,2,artifacts/smart-grid/m510/storm/500000,i0s0-SmartGrid-38-1757717393,0,0,,house-event-parser-bolt,0.9999580691441596,0.015,0.022,0.022,global-median-bolt,0.007197245383839308,0.001,0.001,0.001
SmartGrid,storm,Smart Grid,1,m510,500000,"10,40,40,1",10,40.0,1,XL,5,8,2,artifacts/smart-grid/m510/storm/500000,i0s0-SmartGrid-37-1757716351,0,0,,house-event-parser-bolt,1.0000246354572748,0.011,0.05,0.05,global-median-bolt,0.007193095829841098,0.001,0.001,0.001
SmartGrid,storm,Smart Grid,1,m510,500000,"10,2,2,1",10,2.0,1,XS,1,1,2,artifacts/smart-grid/m510/storm/500000,i0s0-SmartGrid-1-1757789812,0,0,,house-event-parser-bolt,1.0000091633041672,0.007,0.009,0.009,global-median-bolt,0.016766351852881802,0.001,0.001,0.001
SmartGrid,storm,Smart Grid,1,m510,100000,"10,32,32,1",10,32.0,1,L,4,7,2,artifacts/smart-grid/m510/storm/100000,i0s0-SmartGrid-35-1757713996,0,0,,house-event-parser-bolt,1.0000506016018418,0.021,0.035,0.035,global-median-bolt,0.024254351230671028,0.001,0.001,0.001
SmartGrid,storm,Smart Grid,1,m510,100000,"10,4,4,1",10,4.0,1,XS,1,1,2,artifacts/smart-grid/m510/storm/100000,i0s0-SmartGrid-32-1757712312,0,0,,house-event-parser-bolt,1.0000162862109094,0.014,0.019,0.019,global-median-bolt,0.028746420302015158,0.001,0.001,0.001
SmartGrid,storm,Smart Grid,1,m510,100000,"10,40,40,1",10,40.0,1,XL,5,8,2,artifacts/smart-grid/m510/storm/100000,i0s0-SmartGrid-36-1757715773,0,0,,house-event-parser-bolt,0.9999473010547827,0.021,0.043,0.043,global-median-bolt,0.025021635046900494,0.001,0.001,0.001
SmartGrid,storm,Smart Grid,1,m510,100000,"10,8,8,1",10,8.0,1,S,2,2,2,artifacts/smart-grid/m510/storm/100000,i0s0-SmartGrid-33-1757712796,0,0,,house-event-parser-bolt,1.0000232139100098,0.016,0.022,0.022,global-median-bolt,0.02312987657542422,0.001,0.001,0.001
SmartGrid,storm,Smart Grid,1,m510,100000,"10,16,16,1",10,16.0,1,M,3,4,2,artifacts/smart-grid/m510/storm/100000,i0s0-SmartGrid-34-1757713475,0,0,,house-event-parser-bolt,1.0000989324264629,0.018,0.024,0.024,global-median-bolt,0.027583865459020793,0.001,0.001,0.001
SmartGrid,storm,Smart Grid,1,m510,100000,"10,2,2,1",10,2.0,1,XS,1,1,2,artifacts/smart-grid/m510/storm/100000,i0s0-SmartGrid-31-1757711484,0,0,,house-event-parser-bolt,0.999999112425773,0.011,0.013,0.013,global-median-bolt,0.033011242603550296,0.001,0.001,0.001
SmartGrid,storm,Smart Grid,1,m510,1000000,"10,32,32,1",10,32.0,1,L,4,7,2,artifacts/smart-grid/m510/storm/1000000,i0s0-SmartGrid-9-1757799304,0,0,,house-event-parser-bolt,1.000003695238761,0.017,0.031,0.031,global-median-bolt,0.006913235648747749,0.001,0.001,0.001
SmartGrid,storm,Smart Grid,1,m510,1000000,"10,40,40,1",10,40.0,1,XL,5,8,2,artifacts/smart-grid/m510/storm/1000000,i0s0-SmartGrid-10-1757801121,0,0,,house-event-parser-bolt,1.0000186284563546,0.013,0.032,0.032,global-median-bolt,0.005946592792430307,0.001,0.001,0.001
SmartGrid,storm,Smart Grid,1,m510,1000000,"10,2,2,1",10,2.0,1,XS,1,1,2,artifacts/smart-grid/m510/storm/1000000,i0s0-SmartGrid-5-1757794046,0,0,,house-event-parser-bolt,1.0000014005982796,0.007,0.01,0.01,global-median-bolt,0.01707102037705054,0.001,0.001,0.001
SmartGrid,storm,Smart Grid,1,m510,1000000,"10,8,8,1",10,8.0,1,S,2,2,2,artifacts/smart-grid/m510/storm/1000000,i0s0-SmartGrid-7-1757797592,0,0,,house-event-parser-bolt,0.9999682793121647,0.01,0.013,0.013,global-median-bolt,0.007059130969203566,0.001,0.001,0.001
SmartGrid,storm,Smart Grid,1,m510,1000000,"10,16,16,1",10,16.0,1,M,3,4,2,artifacts/smart-grid/m510/storm/1000000,i0s0-SmartGrid-8-1757798651,0,0,,house-event-parser-bolt,0.9999923491596928,0.014,0.015,0.015,global-median-bolt,0.006552472752228227,0.001,0.001,0.001
SmartGrid,storm,Smart Grid,1,m510,1000000,"10,4,4,1",10,4.0,1,XS,1,1,2,artifacts/smart-grid/m510/storm/1000000,i0s0-SmartGrid-6-1757794589,0,0,,house-event-parser-bolt,0.9999790173252824,0.008,0.011,0.011,global-median-bolt,0.009962257494999101,0.001,0.001,0.001
Flink smart grid job,flink,Smart Grid,1,c6525-25g,500000,"80,64,16,1",80,40.0,1,XL,5,8,1,artifacts/smart-grid/c6525-25g/flink/500000,i0s0-20c09562750c5e35ea13e5d181c3fd24,0,0,Globalload,,0.0035579319558408703,110.58374999999998,180.10278125000002,188.5794791666667,,,,,
Flink smart grid job,flink,Smart Grid,1,c6525-25g,500000,"80,40,40,1",80,40.0,1,XL,5,8,1,artifacts/smart-grid/c6525-25g/flink/500000,i0s0-ff59a6d0ca07b65280c5bc11f0a72ee2,0,0,Globalload,,0.002083973585477309,95.10083333333333,160.48727916666664,175.10589,,,,,
Flink smart grid job,flink,Smart Grid,1,c6525-25g,500000,"80,2,2,1",80,2.0,1,XS,1,1,1,artifacts/smart-grid/c6525-25g/flink/500000,i0s0-9dcd335498848d41b5bcb01159d2da22,0,0,Globalload,,0.0034477960616435127,62.16,109.9195,114.99240000000003,,,,,
Flink smart grid job,flink,Smart Grid,1,c6525-25g,500000,"80,72,72,1",80,72.0,1,XXL,6,15,1,artifacts/smart-grid/c6525-25g/flink/500000,i0s0-d305500239d03a35c9fd7c782af2ec27,0,0,Globalload,,0.0017080909609946844,90.38884259259257,160.4664791666667,175.39699074074073,,,,,
Flink smart grid job,flink,Smart Grid,1,c6525-25g,500000,"10,8,8,1",10,8.0,1,S,2,2,1,artifacts/smart-grid/c6525-25g/flink/500000,i0s0-7322fee339d05afd65b2f5b10c3f185e,0,0,Globalload,,0.003679018599910375,75.29354166666667,139.0951875,155.12174166666662,,,,,
Flink smart grid job,flink,Smart Grid,1,c6525-25g,500000,"10,80,80,1",10,80.0,1,XXL,6,16,1,artifacts/smart-grid/c6525-25g/flink/500000,i0s0-9618b88d49adb0002a318f948d98a795,0,0,Globalload,,0.002457831500080021,99.17824999999999,161.54999375,172.12355166666663,,,,,
Flink smart grid job,flink,Smart Grid,1,c6525-25g,500000,"80,16,72,1",80,44.0,1,XL,5,9,1,artifacts/smart-grid/c6525-25g/flink/500000,i0s0-4e43f77bff1d72362d86b775089c9832,0,0,Globalload,,0.0028507832246904264,100.44949074074074,164.62030555555555,177.36804722222237,,,,,
Flink smart grid job,flink,Smart Grid,1,c6525-25g,500000,"80,48,48,1",80,48.0,1,XL,5,10,1,artifacts/smart-grid/c6525-25g/flink/500000,i0s0-c3e34b69f5154a8a969b6664f7f1c660,0,0,Globalload,,0.0014870193261947444,92.26638888888888,146.9584513888889,158.03162500000002,,,,,
Flink smart grid job,flink,Smart Grid,1,c6525-25g,500000,"80,64,16,1",80,40.0,1,XL,5,8,1,artifacts/smart-grid/c6525-25g/flink/500000,i0s0-ebfe7a5b17fcf68b346982d7c578ecae,0,0,Globalload,,0.002514290126100351,123.2293012284701,189.4676548604075,195.25813326719577,,,,,
Flink smart grid job,flink,Smart Grid,1,c6525-25g,500000,"10,2,2,1",10,2.0,1,XS,1,1,1,artifacts/smart-grid/c6525-25g/flink/500000,i0s0-aa2e324a0f4a33fd84d7fb64f21af6f8,0,0,Globalload,,,77.57166666666669,131.12599999999998,137.72016666666667,,,,,
Flink smart grid job,flink,Smart Grid,1,c6525-25g,500000,"10,4,4,1",10,4.0,1,XS,1,1,1,artifacts/smart-grid/c6525-25g/flink/500000,i0s0-f83f7c0249f985d99e81b5939752019d,0,0,Globalload,,,102.90291666666664,170.8454583333334,181.64036666666667,,,,,
Flink smart grid job,flink,Smart Grid,1,c6525-25g,500000,"80,80,80,1",80,80.0,1,XXL,6,16,1,artifacts/smart-grid/c6525-25g/flink/500000,i0s0-81520b19765efb43dcf14181f32aa473,0,0,Globalload,,0.001804560858871948,102.70087500000001,160.61972708333332,168.99895416666672,,,,,
Flink smart grid job,flink,Smart Grid,1,c6525-25g,500000,"80,40,16,1",80,28.0,1,L,4,6,1,artifacts/smart-grid/c6525-25g/flink/500000,i0s0-bc87a80a4ba5fac2eab3db05c820e4f3,0,0,Globalload,,0.003053913241112705,82.98458333333332,147.97985416666666,171.31345833333333,,,,,
Flink smart grid job,flink,Smart Grid,1,c6525-25g,500000,"80,8,8,1",80,8.0,1,S,2,2,1,artifacts/smart-grid/c6525-25g/flink/500000,i0s0-403019cb6a870a4da30882c113a76345,0,0,Globalload,,0.002920368382258756,90.2075,149.63677083333334,166.5064166666666,,,,,
Flink smart grid job,flink,Smart Grid,1,c6525-25g,500000,"10,72,72,1",10,72.0,1,XXL,6,15,1,artifacts/smart-grid/c6525-25g/flink/500000,i0s0-18d2c4152376be5f16c80f60d23fffb1,0,0,Globalload,,0.0014718842008525216,104.6151388888889,165.1016620370371,176.37675370370374,,,,,
Flink smart grid job,flink,Smart Grid,1,c6525-25g,500000,"80,32,32,1",80,32.0,1,L,4,7,1,artifacts/smart-grid/c6525-25g/flink/500000,i0s0-47ffd364dc3d189f33fa190909682b83,0,0,Globalload,,0.003598788291470337,96.48364583333336,163.06720312500002,176.88660833333333,,,,,
Flink smart grid job,flink,Smart Grid,1,c6525-25g,500000,"80,4,4,1",80,4.0,1,XS,1,1,1,artifacts/smart-grid/c6525-25g/flink/500000,i0s0-296f10b76c011cb7ba97fea805cbf422,0,0,Globalload,,0.002670202340170694,76.68958333333336,135.21466666666663,147.41190000000003,,,,,
Flink smart grid job,flink,Smart Grid,1,c6525-25g,500000,"10,40,40,1",10,40.0,1,XL,5,8,1,artifacts/smart-grid/c6525-25g/flink/500000,i0s0-aa3c8968f3538351ba640f02cf4aa5e6,0,0,Globalload,,0.0030023915445374317,103.47337499999999,169.54748750000002,181.382965,,,,,
Flink smart grid job,flink,Smart Grid,1,c6525-25g,500000,"80,16,2,1",80,9.0,1,S,2,2,1,artifacts/smart-grid/c6525-25g/flink/500000,i0s0-876da30ab4b8ad8138d34838ebb6ab76,0,0,Globalload,,0.003045067629305314,76.72083333333336,140.7545,151.42783333333335,,,,,
Flink smart grid job,flink,Smart Grid,1,c6525-25g,500000,"80,2,16,1",80,9.0,1,S,2,2,1,artifacts/smart-grid/c6525-25g/flink/500000,i0s0-84ca3f14dfba0ba01f6d12f998fa475b,0,0,Globalload,,0.002559917576427941,83.69156250000002,149.61463541666663,162.6492875,,,,,
Flink smart grid job,flink,Smart Grid,1,c6525-25g,500000,"10,16,16,1",10,16.0,1,M,3,4,1,artifacts/smart-grid/c6525-25g/flink/500000,i0s0-65b35ddbf2935a924cf42d8abff07223,0,0,Globalload,,0.003088091218214895,97.96437500000002,173.41012499999997,186.52120000000002,,,,,
Flink smart grid job,flink,Smart Grid,1,c6525-25g,500000,"80,64,64,1",80,64.0,1,XXL,6,13,1,artifacts/smart-grid/c6525-25g/flink/500000,i0s0-d9000b3f1ebf724040acaa7317ec6317,0,0,Globalload,,0.0028651018876885742,99.0389583333333,160.55877083333337,173.70147604166664,,,,,
Flink smart grid job,flink,Smart Grid,1,c6525-25g,500000,"80,8,16,1",80,12.0,1,S,2,3,1,artifacts/smart-grid/c6525-25g/flink/500000,i0s0-b008d3db08189124ca1f29de58702423,0,0,Globalload,,0.003808845211234687,98.69563356164385,166.53343321917808,177.71301940639268,,,,,
Flink smart grid job,flink,Smart Grid,1,c6525-25g,500000,"10,48,48,1",10,48.0,1,XL,5,10,1,artifacts/smart-grid/c6525-25g/flink/500000,i0s0-c016b0e7ed532e61850960daebd76bcb,0,0,Globalload,,0.0030618046035532933,96.29694444444443,168.32963541666666,182.99607777777774,,,,,
Flink smart grid job,flink,Smart Grid,1,c6525-25g,500000,"80,16,80,1",80,48.0,1,XL,5,10,1,artifacts/smart-grid/c6525-25g/flink/500000,i0s0-f585f62c780c3b0f80967c77aa0dba42,0,0,Globalload,,0.002312436027610691,101.32204166666668,165.26767916666665,176.6365808333333,,,,,
Flink smart grid job,flink,Smart Grid,1,c6525-25g,500000,"80,16,32,1",80,24.0,1,M,3,5,1,artifacts/smart-grid/c6525-25g/flink/500000,i0s0-728ffbf471983cb68461ff5c0b3467c0,0,0,Globalload,,0.0041349647455515386,96.75124999999998,166.9079791666667,179.39967708333333,,,,,
Flink smart grid job,flink,Smart Grid,1,c6525-25g,500000,"80,16,16,1",80,16.0,1,M,3,4,1,artifacts/smart-grid/c6525-25g/flink/500000,i0s0-e43a0b20bf2eacd5a75965815cd8f434,0,0,Globalload,,0.002918687818075743,98.83208333333333,156.98924999999997,167.5213333333333,,,,,
Flink smart grid job,flink,Smart Grid,1,c6525-25g,500000,"80,32,16,1",80,24.0,1,M,3,5,1,artifacts/smart-grid/c6525-25g/flink/500000,i0s0-b241b94851861b67f0b8799564d3bec1,0,0,Globalload,,0.005007977061564562,88.57110507246378,167.8706672705314,181.22061594202904,,,,,
Flink smart grid job,flink,Smart Grid,1,c6525-25g,500000,"10,64,64,1",10,64.0,1,XXL,6,13,1,artifacts/smart-grid/c6525-25g/flink/500000,i0s0-930bbfa52b8f371b5c654f686968ddd2,0,0,Globalload,,0.0027139789888782385,99.85346354166666,173.42544010416663,184.55927499999996,,,,,
Flink smart grid job,flink,Smart Grid,1,c6525-25g,500000,"80,16,48,1",80,32.0,1,L,4,7,1,artifacts/smart-grid/c6525-25g/flink/500000,i0s0-65aeb91e049509872ea6cfa8c28988e3,0,0,Globalload,,0.0018705068648230115,97.55642361111107,163.0769756944444,174.6104402777778,,,,,
Flink smart grid job,flink,Smart Grid,1,c6525-25g,500000,"10,32,32,1",10,32.0,1,L,4,7,1,artifacts/smart-grid/c6525-25g/flink/500000,i0s0-b305755f6e4adcb582e5aac87ada75ac,0,0,Globalload,,0.003415013656925357,107.6581770833333,185.01801041666667,194.89898125000005,,,,,
Flink smart grid job,flink,Smart Grid,1,c6525-25g,500000,"80,16,64,1",80,40.0,1,XL,5,8,1,artifacts/smart-grid/c6525-25g/flink/500000,i0s0-71b2df49e32048d99083d49bb5fc62b1,0,0,Globalload,,0.00393822600185887,101.59611979166665,164.28278645833333,175.3254322916667,,,,,
Flink smart grid job,flink,Smart Grid,1,c6525-25g,500000,"80,4,16,1",80,10.0,1,S,2,2,1,artifacts/smart-grid/c6525-25g/flink/500000,i0s0-755dea98c392ffe2d60a31c75ada03e4,0,0,Globalload,,0.003481743874049994,84.22614583333335,147.87249999999995,160.15248333333332,,,,,
Flink smart grid job,flink,Smart Grid,1,c6525-25g,500000,"80,80,16,1",80,48.0,1,XL,5,10,1,artifacts/smart-grid/c6525-25g/flink/500000,i0s0-d8e1479007386c19edcb86a40ce0de05,0,0,Globalload,,0.0036007987984535946,89.83552083333333,140.92269791666666,150.30315416666664,,,,,
Flink smart grid job,flink,Smart Grid,1,c6525-25g,500000,"80,16,40,1",80,28.0,1,L,4,6,1,artifacts/smart-grid/c6525-25g/flink/500000,i0s0-22f7aa680e1f9e132ab32244b0483cee,0,0,Globalload,,0.0027939179857305613,97.8955,164.44827916666665,177.34167166666668,,,,,
Flink smart grid job,flink,Smart Grid,1,c6525-25g,500000,"80,48,16,1",80,32.0,1,L,4,7,1,artifacts/smart-grid/c6525-25g/flink/500000,i0s0-cd884570be8e6472e176858c128e434f,0,0,Globalload,,0.003042049893740214,100.89729166666667,180.92203125,190.09234166666667,,,,,
Flink smart grid job,flink,Smart Grid,1,c6525-25g,500000,"80,16,4,1",80,10.0,1,S,2,2,1,artifacts/smart-grid/c6525-25g/flink/500000,i0s0-84e43e0cb372d192e5d0db3661e99a11,0,0,Globalload,,0.0028029348028462664,94.26749999999997,164.23812500000003,175.2300666666667,,,,,
Flink smart grid job,flink,Smart Grid,1,c6525-25g,500000,"80,16,8,1",80,12.0,1,S,2,3,1,artifacts/smart-grid/c6525-25g/flink/500000,i0s0-365ee8137eefd648ed63de548df2dc81,0,0,Globalload,,0.005640134704054682,89.95349326599327,163.02337962962957,178.50324915824916,,,,,
Flink smart grid job,flink,Smart Grid,1,c6525-25g,100000,"10,72,72,1",10,72.0,1,XXL,6,15,1,artifacts/smart-grid/c6525-25g/flink/100000,i0s0-be1d2c85f981a0eedd5923f77e241eb5,0,0,Globalload,,,107.3372853386823,174.2152490599141,184.00424219611423,,,,,
Flink smart grid job,flink,Smart Grid,1,c6525-25g,100000,"80,4,16,1",80,10.0,1,S,2,2,1,artifacts/smart-grid/c6525-25g/flink/100000,i0s0-0310652f58e4e3348662ce98409d02bd,0,0,Globalload,,0.008376411905777217,94.77385416666665,166.81534375000007,179.11403750000002,,,,,
Flink smart grid job,flink,Smart Grid,1,c6525-25g,100000,"80,16,4,1",80,10.0,1,S,2,2,1,artifacts/smart-grid/c6525-25g/flink/100000,i0s0-260f5caf07459e02aa7def6f5f827d07,0,0,Globalload,,0.008043109002438844,75.09666666666669,154.32258333333328,172.87248333333332,,,,,
Flink smart grid job,flink,Smart Grid,1,c6525-25g,100000,"80,16,2,1",80,9.0,1,S,2,2,1,artifacts/smart-grid/c6525-25g/flink/100000,i0s0-88950d621ee4696bdbeeed576153dbd5,0,0,Globalload,,0.009382476381975955,102.42385023584907,180.85073309748424,189.3051768867924,,,,,
Flink smart grid job,flink,Smart Grid,1,c6525-25g,100000,"10,48,48,1",10,48.0,1,XL,5,10,1,artifacts/smart-grid/c6525-25g/flink/100000,i0s0-3a4814d4dc0a6764affe0b82a259b082,0,0,Globalload,,0.0153800111132587,105.96503472222223,178.91648611111114,187.95920416666664,,,,,
Flink smart grid job,flink,Smart Grid,1,c6525-25g,100000,"80,16,64,1",80,40.0,1,XL,5,8,1,artifacts/smart-grid/c6525-25g/flink/100000,i0s0-d474f4eafe2fd9c1f940cae1351f3273,0,0,Globalload,,0.01301566804407716,113.35227272727276,170.15611979166673,179.32890151515147,,,,,
Flink smart grid job,flink,Smart Grid,1,c6525-25g,100000,"10,32,32,1",10,32.0,1,L,4,7,1,artifacts/smart-grid/c6525-25g/flink/100000,i0s0-7f8c8ec3b0b13ea749b344351c6bb1e3,0,0,Globalload,,0.011565967948661505,113.81802083333332,175.86599479166662,184.62888125000003,,,,,
Flink smart grid job,flink,Smart Grid,1,c6525-25g,100000,"80,72,72,1",80,72.0,1,XXL,6,15,1,artifacts/smart-grid/c6525-25g/flink/100000,i0s0-2fe00b0f309a06377dc0c6faac092bb6,0,0,Globalload,,0.016805961617640242,95.17070347786816,157.11278974521306,171.8771812571268,,,,,
Flink smart grid job,flink,Smart Grid,1,c6525-25g,100000,"80,4,16,1",80,10.0,1,S,2,2,1,artifacts/smart-grid/c6525-25g/flink/100000,i0s0-11a55c1f6f93bc951638d655f02c0fc8,0,0,Globalload,,0.010922913723927216,92.58020833333333,162.06686458333337,175.8292291666667,,,,,
Flink smart grid job,flink,Smart Grid,1,c6525-25g,100000,"10,8,8,1",10,8.0,1,S,2,2,1,artifacts/smart-grid/c6525-25g/flink/100000,i0s0-0978a7986aa68feacd6d082779ee0d2d,0,0,Globalload,,0.006254192572497266,99.48875,186.80770833333332,194.3754,,,,,
Flink smart grid job,flink,Smart Grid,1,c6525-25g,100000,"80,8,8,1",80,8.0,1,S,2,2,1,artifacts/smart-grid/c6525-25g/flink/100000,i0s0-73ea9d90d2cecbb81e4c6c0829de0659,0,0,Globalload,,0.01044781116365498,99.4516666666667,159.22712499999997,170.40923333333333,,,,,
Flink smart grid job,flink,Smart Grid,1,c6525-25g,100000,"80,16,40,1",80,28.0,1,L,4,6,1,artifacts/smart-grid/c6525-25g/flink/100000,i0s0-b0f114412d0179db3a6ad358a784dca5,0,0,Globalload,,0.004152097189060133,99.48137499999999,161.03294166666672,170.828075,,,,,
Flink smart grid job,flink,Smart Grid,1,c6525-25g,100000,"80,8,16,1",80,12.0,1,S,2,3,1,artifacts/smart-grid/c6525-25g/flink/100000,i0s0-242ee54c84a29f3136c1146db1561594,0,0,Globalload,,0.01304154386321784,99.72046232876714,166.02767551369863,177.71733732876714,,,,,
Flink smart grid job,flink,Smart Grid,1,c6525-25g,100000,"80,48,16,1",80,32.0,1,L,4,7,1,artifacts/smart-grid/c6525-25g/flink/100000,i0s0-36cd5cb5893b147508a7eb0efe80fcf3,0,0,Globalload,,0.011232016990083521,92.68916666666668,178.3901979166667,190.43639166666662,,,,,
Flink smart grid job,flink,Smart Grid,1,c6525-25g,100000,"10,64,64,1",10,64.0,1,XXL,6,13,1,artifacts/smart-grid/c6525-25g/flink/100000,i0s0-6dab896f95b67cd604c8212452366a5c,0,0,Globalload,,0.03169890795856012,116.39609375000003,182.68230989583338,190.9993125,,,,,
Flink smart grid job,flink,Smart Grid,1,c6525-25g,100000,"80,4,4,1",80,4.0,1,XS,1,1,1,artifacts/smart-grid/c6525-25g/flink/100000,i0s0-3fffa3554e55a7bd39e1373cd67a9d87,0,0,Globalload,,0.009542385438849929,91.55668590080944,162.12389074756283,173.845582349698,,,,,
Flink smart grid job,flink,Smart Grid,1,c6525-25g,100000,"80,16,80,1",80,48.0,1,XL,5,10,1,artifacts/smart-grid/c6525-25g/flink/100000,i0s0-b408e10dc49ffc669b61fa6ffa49dac3,0,0,Globalload,,0.005227624452971106,102.46977539062497,169.02243896484376,179.59445117187502,,,,,
Flink smart grid job,flink,Smart Grid,1,c6525-25g,100000,"10,80,80,1",10,80.0,1,XXL,6,16,1,artifacts/smart-grid/c6525-25g/flink/100000,i0s0-8a02deb68f7f4059e7f835cd5f65c377,0,0,Globalload,,0.006772489148550279,112.13597916666667,176.23192291666666,184.69320166666665,,,,,
Flink smart grid job,flink,Smart Grid,1,c6525-25g,100000,"80,16,72,1",80,44.0,1,XL,5,9,1,artifacts/smart-grid/c6525-25g/flink/100000,i0s0-f663002c396839b6f28ec3decb3bd934,0,0,Globalload,,0.006582231699300369,99.04525954525955,168.3546734234234,180.1963717288717,,,,,
Flink smart grid job,flink,Smart Grid,1,c6525-25g,100000,"80,40,40,1",80,40.0,1,XL,5,8,1,artifacts/smart-grid/c6525-25g/flink/100000,i0s0-5611de92f6e65fbf99a1ac412aff119a,0,0,Globalload,,0.010178474141854164,101.60750000000002,154.8176458333333,165.33659500000005,,,,,
Flink smart grid job,flink,Smart Grid,1,c6525-25g,100000,"80,72,16,1",80,44.0,1,XL,5,9,1,artifacts/smart-grid/c6525-25g/flink/100000,i0s0-ee79f84ed3181be5200a586e09ab0ac1,0,0,Globalload,,0.013827361303543811,105.11427083333332,182.73080208333332,191.7767375,,,,,
Flink smart grid job,flink,Smart Grid,1,c6525-25g,100000,"80,16,8,1",80,12.0,1,S,2,3,1,artifacts/smart-grid/c6525-25g/flink/100000,i0s0-767d1b5c794312982ff75f3426ac00f3,0,0,Globalload,,0.009391549161659291,84.51958333333336,154.43410416666663,171.22191666666671,,,,,
Flink smart grid job,flink,Smart Grid,1,c6525-25g,100000,"80,32,16,1",80,24.0,1,M,3,5,1,artifacts/smart-grid/c6525-25g/flink/100000,i0s0-5a4fd46a1ae9f6ecc0922ac360675186,0,0,Globalload,,0.010513839562372975,101.97541666666667,172.63234374999996,185.2871458333333,,,,,
Flink smart grid job,flink,Smart Grid,1,c6525-25g,100000,"10,16,16,1",10,16.0,1,M,3,4,1,artifacts/smart-grid/c6525-25g/flink/100000,i0s0-ee196049b53bd6f82440d433abf2e1e1,0,0,Globalload,,0.006709791262614868,111.03875,184.39804166666661,193.17676666666662,,,,,
Flink smart grid job,flink,Smart Grid,1,c6525-25g,100000,"10,2,2,1",10,2.0,1,XS,1,1,1,artifacts/smart-grid/c6525-25g/flink/100000,i0s0-0653e4aa180a70598554fe12dc961f75,0,0,Globalload,,0.010083521610846698,63.86355932203391,114.6487288135593,120.74467796610173,,,,,
Flink smart grid job,flink,Smart Grid,1,c6525-25g,100000,"80,2,2,1",80,2.0,1,XS,1,1,1,artifacts/smart-grid/c6525-25g/flink/100000,i0s0-a063b963e95965d46b4d24be3759139a,0,0,Globalload,,0.010089709222823914,89.55072463768114,149.36856884057966,158.5570289855072,,,,,
Flink smart grid job,flink,Smart Grid,1,c6525-25g,100000,"10,2,2,1",10,2.0,1,XS,1,1,1,artifacts/smart-grid/c6525-25g/flink/100000,i0s0-dcc7260188ca9b05c3a683ac8320b5f1,0,0,Globalload,,0.007557147099491788,68.40916666666666,130.47475,144.90716666666665,,,,,
Flink smart grid job,flink,Smart Grid,1,c6525-25g,100000,"80,64,16,1",80,40.0,1,XL,5,8,1,artifacts/smart-grid/c6525-25g/flink/100000,i0s0-0e955e01dcb720cb7990b93fb5f9a174,0,0,Globalload,,0.009905106326896892,97.35781250000001,177.22525,188.8623041666667,,,,,
Flink smart grid job,flink,Smart Grid,1,c6525-25g,100000,"80,80,80,1",80,80.0,1,XXL,6,16,1,artifacts/smart-grid/c6525-25g/flink/100000,i0s0-1f9817b393063dc26b61adefc8c3b2e5,0,0,Globalload,,0.0065398384014061315,100.23655746786015,166.2052450665833,177.82788086854467,,,,,
Flink smart grid job,flink,Smart Grid,1,c6525-25g,100000,"10,4,4,1",10,4.0,1,XS,1,1,1,artifacts/smart-grid/c6525-25g/flink/100000,i0s0-fb068e20d7fb147c89799211262bb1c9,0,0,Globalload,,0.009620885368618156,104.29729729729729,178.9052927927928,188.98810810810815,,,,,
Flink smart grid job,flink,Smart Grid,1,c6525-25g,100000,"80,16,48,1",80,32.0,1,L,4,7,1,artifacts/smart-grid/c6525-25g/flink/100000,i0s0-b8225a3fc6bbf97851b56f7e5e9d941e,0,0,Globalload,,0.006976809187735797,97.82720763448353,166.22979047521784,178.84130168284634,,,,,
Flink smart grid job,flink,Smart Grid,1,c6525-25g,100000,"10,4,4,1",10,4.0,1,XS,1,1,1,artifacts/smart-grid/c6525-25g/flink/100000,i0s0-7ffbee06ca84f209e09e93a66a57190d,0,0,Globalload,,0.00927597052374499,76.65666666666665,139.79087500000003,155.21325,,,,,
Flink smart grid job,flink,Smart Grid,1,c6525-25g,100000,"80,64,64,1",80,64.0,1,XXL,6,13,1,artifacts/smart-grid/c6525-25g/flink/100000,i0s0-8d6ba57a13b3550ceffb20762054219a,0,0,Globalload,,,89.21471354166665,175.7340651041666,189.32881145833338,,,,,
Flink smart grid job,flink,Smart Grid,1,c6525-25g,100000,"80,48,48,1",80,48.0,1,XL,5,10,1,artifacts/smart-grid/c6525-25g/flink/100000,i0s0-cb45e47749b5406054fed2c48a50e1e7,0,0,Globalload,,0.012280887686326625,89.34809027777777,152.0989340277778,167.34182361111107,,,,,
Flink smart grid job,flink,Smart Grid,1,c6525-25g,100000,"80,32,32,1",80,32.0,1,L,4,7,1,artifacts/smart-grid/c6525-25g/flink/100000,i0s0-628d2571e1bbefc11bbc7d47609bf3d9,0,0,Globalload,,0.01395908217742435,93.71109375,150.8435,165.37122083333335,,,,,
Flink smart grid job,flink,Smart Grid,1,c6525-25g,100000,"80,16,32,1",80,24.0,1,M,3,5,1,artifacts/smart-grid/c6525-25g/flink/100000,i0s0-9f187be27c313cbb5648e9233678db2d,0,0,Globalload,,0.007864002626814397,102.75542210820896,165.9886368936568,177.8862919776119,,,,,
Flink smart grid job,flink,Smart Grid,1,c6525-25g,100000,"80,16,16,1",80,16.0,1,M,3,4,1,artifacts/smart-grid/c6525-25g/flink/100000,i0s0-79d0d06273022be036a4da65712b5aa2,0,0,Globalload,,0.015345389176825734,105.48593749999999,172.36777777777777,183.06011805555553,,,,,
Flink smart grid job,flink,Smart Grid,1,c6525-25g,100000,"80,80,16,1",80,48.0,1,XL,5,10,1,artifacts/smart-grid/c6525-25g/flink/100000,i0s0-fa61c4dc4269859aab9a42c3d4309bac,0,0,Globalload,,0.006927363471459178,79.01697916666667,130.23857291666664,143.9205375,,,,,
Flink smart grid job,flink,Smart Grid,1,c6525-25g,100000,"10,40,40,1",10,40.0,1,XL,5,8,1,artifacts/smart-grid/c6525-25g/flink/100000,i0s0-0e9f59568fbe9e39a7497727c10accbf,0,0,Globalload,,0.026124350796640015,106.20908333333334,178.83382916666667,188.2574833333333,,,,,
Flink smart grid job,flink,Smart Grid,1,c6525-25g,100000,"80,2,16,1",80,9.0,1,S,2,2,1,artifacts/smart-grid/c6525-25g/flink/100000,i0s0-a47e9fdd70fba94a350eef967dbb62f4,0,0,Globalload,,0.008558858454929383,88.09644886363637,155.72220959595958,169.77497512626263,,,,,
Flink smart grid job,flink,Smart Grid,1,c6525-25g,100000,"80,40,16,1",80,28.0,1,L,4,6,1,artifacts/smart-grid/c6525-25g/flink/100000,i0s0-e93412d7e8b2467a6864137a16ef7370,0,0,Globalload,,0.013712935555580934,87.63416666666667,174.29327083333334,188.99575833333333,,,,,
Flink smart grid job,flink,Smart Grid,1,c6525-25g,1000000,"10,2,2,1",10,2.0,1,XS,1,1,1,artifacts/smart-grid/c6525-25g/flink/1000000,i0s0-0bc2d33aee9b0153794db46a4584a55d,0,0,Globalload,,0.002510686909655516,47.09666666666667,89.75299999999999,99.98900000000002,,,,,
Flink smart grid job,flink,Smart Grid,1,c6525-25g,1000000,"80,16,32,1",80,24.0,1,M,3,5,1,artifacts/smart-grid/c6525-25g/flink/1000000,i0s0-b4e03858536ef53b4daacbd9d409d510,0,0,Globalload,,0.0024431875909583134,95.70265625000002,164.39515624999999,177.03504375000006,,,,,
Flink smart grid job,flink,Smart Grid,1,c6525-25g,1000000,"10,8,8,1",10,8.0,1,S,2,2,1,artifacts/smart-grid/c6525-25g/flink/1000000,i0s0-e48ad9c458a3eda99167b04b436e876f,0,0,Globalload,,0.0019218396441311044,50.35437499999999,121.17054166666668,140.00055000000003,,,,,
Flink smart grid job,flink,Smart Grid,1,c6525-25g,1000000,"80,16,48,1",80,32.0,1,L,4,7,1,artifacts/smart-grid/c6525-25g/flink/1000000,i0s0-04adaec0f20cbf42da58a28ab0a56a78,0,0,Globalload,,0.001462389776537322,99.39513888888888,168.5259618055556,180.5529888888889,,,,,
Flink smart grid job,flink,Smart Grid,1,c6525-25g,1000000,"10,16,16,1",10,16.0,1,M,3,4,1,artifacts/smart-grid/c6525-25g/flink/1000000,i0s0-c6a3295a66ecdb796b84194dcb2ccefb,0,0,Globalload,,0.0016142782246647259,77.78583333333334,164.51414583333334,180.85550416666666,,,,,
Flink smart grid job,flink,Smart Grid,1,c6525-25g,1000000,"10,40,40,1",10,40.0,1,XL,5,8,1,artifacts/smart-grid/c6525-25g/flink/1000000,i0s0-143a5de2ad0ab8df4758dd98c608c9b1,0,0,Globalload,,0.00161000230023764,96.21291666666664,166.33898333333332,179.43343499999995,,,,,
Flink smart grid job,flink,Smart Grid,1,c6525-25g,1000000,"10,48,48,1",10,48.0,1,XL,5,10,1,artifacts/smart-grid/c6525-25g/flink/1000000,i0s0-5f4cfe2b929f2b31792d3f38ffd12b59,0,0,Globalload,,0.001333596216949597,92.56986111111111,173.27178125,185.8612152777778,,,,,
Flink smart grid job,flink,Smart Grid,1,c6525-25g,1000000,"80,16,4,1",80,10.0,1,S,2,2,1,artifacts/smart-grid/c6525-25g/flink/1000000,i0s0-f9a677c6ba41f3fa1532c487943b2367,0,0,Globalload,,0.002614704291294685,98.555,170.641,181.84004999999996,,,,,
Flink smart grid job,flink,Smart Grid,1,c6525-25g,1000000,"80,4,4,1",80,4.0,1,XS,1,1,1,artifacts/smart-grid/c6525-25g/flink/1000000,i0s0-8f2b35c4a2bc2aa6a32037f353654e6b,0,0,Globalload,,0.0020484788373762446,61.702500000000015,116.46795833333333,124.13711666666669,,,,,
Flink smart grid job,flink,Smart Grid,1,c6525-25g,1000000,"10,32,32,1",10,32.0,1,L,4,7,1,artifacts/smart-grid/c6525-25g/flink/1000000,i0s0-e60153a6e6aa4258f8dcaa46a3c59988,0,0,Globalload,,0.0030190263738720186,90.10203124999998,163.8318697916667,179.21566250000004,,,,,
Flink smart grid job,flink,Smart Grid,1,c6525-25g,1000000,"80,16,64,1",80,40.0,1,XL,5,8,1,artifacts/smart-grid/c6525-25g/flink/1000000,i0s0-2cd3309f184a70ffdc4ab8c9abe5199d,0,0,Globalload,,0.0027395837298384296,101.68239583333333,164.80416406249998,176.45953333333333,,,,,
Flink smart grid job,flink,Smart Grid,1,c6525-25g,1000000,"80,16,8,1",80,12.0,1,S,2,3,1,artifacts/smart-grid/c6525-25g/flink/1000000,i0s0-f9124d8392ec873e23a461e185122eed,0,0,Globalload,,0.0022180279207327865,76.57104166666667,143.12302083333333,160.8391,,,,,
Flink smart grid job,flink,Smart Grid,1,c6525-25g,1000000,"80,16,16,1",80,16.0,1,M,3,4,1,artifacts/smart-grid/c6525-25g/flink/1000000,i0s0-a07ef0ffc7ed418a1b56f3597756d811,0,0,Globalload,,0.0018122943858988002,81.19104166666668,138.03441666666666,150.85464583333334,,,,,
Flink smart grid job,flink,Smart Grid,1,c6525-25g,1000000,"80,48,48,1",80,48.0,1,XL,5,10,1,artifacts/smart-grid/c6525-25g/flink/1000000,i0s0-8bac8f7816273a6838983a527a6920bf,0,0,Globalload,,0.0010851579708221828,92.59677083333332,147.45971180555563,158.43354444444444,,,,,
Flink smart grid job,flink,Smart Grid,1,c6525-25g,1000000,"80,8,8,1",80,8.0,1,S,2,2,1,artifacts/smart-grid/c6525-25g/flink/1000000,i0s0-9701a619f4a1be493e0f46e964a298c4,0,0,Globalload,,0.0016751494327373745,85.605625,155.26639583333332,173.72915000000003,,,,,
Flink smart grid job,flink,Smart Grid,1,c6525-25g,1000000,"10,72,72,1",10,72.0,1,XXL,6,15,1,artifacts/smart-grid/c6525-25g/flink/1000000,i0s0-727337119fa14f4d6b6b0e9ba292d414,0,0,Globalload,,0.0013975105704504712,99.10935185185187,169.24895601851844,181.66859444444452,,,,,
Flink smart grid job,flink,Smart Grid,1,c6525-25g,1000000,"80,32,16,1",80,24.0,1,M,3,5,1,artifacts/smart-grid/c6525-25g/flink/1000000,i0s0-08cc1ee48a1898ac8bea4632a64f028b,0,0,Globalload,,0.002714348158501887,90.37489583333331,160.03155208333334,176.31768749999998,,,,,
Flink smart grid job,flink,Smart Grid,1,c6525-25g,1000000,"80,2,2,1",80,2.0,1,XS,1,1,1,artifacts/smart-grid/c6525-25g/flink/1000000,i0s0-ec273093d1909d889e4e371ad6ca39a4,0,0,Globalload,,0.00254011798428736,62.85833333333336,112.35183333333333,118.52696666666665,,,,,
Flink smart grid job,flink,Smart Grid,1,c6525-25g,1000000,"80,72,72,1",80,72.0,1,XXL,6,15,1,artifacts/smart-grid/c6525-25g/flink/1000000,i0s0-5484aea54d203f64d2f74f759c7edbf4,0,0,Globalload,,0.0011550489185262617,83.59500000000003,156.16834027777776,176.80749537037036,,,,,
Flink smart grid job,flink,Smart Grid,1,c6525-25g,1000000,"80,2,16,1",80,9.0,1,S,2,2,1,artifacts/smart-grid/c6525-25g/flink/1000000,i0s0-a0b3aa01257b02485468876702d7f664,0,0,Globalload,,0.0020284791507823564,78.48010416666668,135.80415625,147.8416833333334,,,,,
Flink smart grid job,flink,Smart Grid,1,c6525-25g,1000000,"80,4,16,1",80,10.0,1,S,2,2,1,artifacts/smart-grid/c6525-25g/flink/1000000,i0s0-236b9274533add75482abf69fc8b069d,0,0,Globalload,,0.0023483734387704427,94.51395833333335,152.07713541666664,161.03325416666667,,,,,
Flink smart grid job,flink,Smart Grid,1,c6525-25g,1000000,"80,16,72,1",80,44.0,1,XL,5,9,1,artifacts/smart-grid/c6525-25g/flink/1000000,i0s0-f02733da376eccbc39426985e647fe11,0,0,Globalload,,0.0020279320872517333,99.77288752129851,166.3634744721805,178.113492169184,,,,,
Flink smart grid job,flink,Smart Grid,1,c6525-25g,1000000,"80,40,40,1",80,40.0,1,XL,5,8,1,artifacts/smart-grid/c6525-25g/flink/1000000,i0s0-56b4aa9cdd8e1777d30a6857cf637244,0,0,Globalload,,0.0017093011538930117,91.78250000000001,154.9951375,171.14351166666665,,,,,
Flink smart grid job,flink,Smart Grid,1,c6525-25g,1000000,"80,16,80,1",80,48.0,1,XL,5,10,1,artifacts/smart-grid/c6525-25g/flink/1000000,i0s0-541d729fc199719a01784abd358c9286,0,0,Globalload,,0.0012125755709722144,99.52160416666668,165.60899375000002,177.04544583333345,,,,,
Flink smart grid job,flink,Smart Grid,1,c6525-25g,1000000,"80,32,32,1",80,32.0,1,L,4,7,1,artifacts/smart-grid/c6525-25g/flink/1000000,i0s0-4fa02438a53bf12a272fd479e7f5a0f4,0,0,Globalload,,0.0020223369529840315,93.38869791666666,159.30604166666672,173.01857708333333,,,,,
Flink smart grid job,flink,Smart Grid,1,c6525-25g,1000000,"80,16,40,1",80,28.0,1,L,4,6,1,artifacts/smart-grid/c6525-25g/flink/1000000,i0s0-a75349cda978045a755c31e8098930f2,0,0,Globalload,,0.0023586417473560103,95.75887500000002,163.21621249999998,175.85492333333337,,,,,
Flink smart grid job,flink,Smart Grid,1,c6525-25g,1000000,"80,40,16,1",80,28.0,1,L,4,6,1,artifacts/smart-grid/c6525-25g/flink/1000000,i0s0-5138f2df847c594d43be7f03c050c345,0,0,Globalload,,0.002426462204059027,79.385625,159.41804166666665,178.27770833333335,,,,,
Flink smart grid job,flink,Smart Grid,1,c6525-25g,1000000,"10,64,64,1",10,64.0,1,XXL,6,13,1,artifacts/smart-grid/c6525-25g/flink/1000000,i0s0-300e0aa0128945756c038d5fb07328de,0,0,Globalload,,0.002066547204862052,102.24072916666665,169.9809244791667,181.5695583333334,,,,,
Flink smart grid job,flink,Smart Grid,1,c6525-25g,1000000,"80,72,16,1",80,44.0,1,XL,5,9,1,artifacts/smart-grid/c6525-25g/flink/1000000,i0s0-3532b856ef9c37263badd35ed0032234,0,0,Globalload,,0.002791580854939956,106.74447916666668,174.40815625000002,184.1811416666667,,,,,
Flink smart grid job,flink,Smart Grid,1,c6525-25g,1000000,"10,4,4,1",10,4.0,1,XS,1,1,1,artifacts/smart-grid/c6525-25g/flink/1000000,i0s0-73742fa3c5a412f540d23d51a8cf3707,0,0,Globalload,,0.001906625587694378,36.56333333333332,104.87150000000001,117.28346666666671,,,,,
Flink smart grid job,flink,Smart Grid,1,c6525-25g,1000000,"80,64,64,1",80,64.0,1,XXL,6,13,1,artifacts/smart-grid/c6525-25g/flink/1000000,i0s0-5e425b27adb9da94539aadb2f7fe5a40,0,0,Globalload,,0.002162180688398655,92.28627604166667,163.6546770833333,177.90386354166665,,,,,
Flink smart grid job,flink,Smart Grid,1,c6525-25g,1000000,"80,8,16,1",80,12.0,1,S,2,3,1,artifacts/smart-grid/c6525-25g/flink/1000000,i0s0-89098aa796f132fe65cf347cc6fdde3f,0,0,Globalload,,0.0022575524828908084,96.57375000000003,165.23565625000003,177.87123333333332,,,,,
Flink smart grid job,flink,Smart Grid,1,c6525-25g,1000000,"80,64,16,1",80,40.0,1,XL,5,8,1,artifacts/smart-grid/c6525-25g/flink/1000000,i0s0-92bbae53273fcf5aa816140353f1e872,0,0,Globalload,,0.003899233070037418,112.42616421568627,179.81439950980393,189.27421568627454,,,,,
Flink smart grid job,flink,Smart Grid,1,c6525-25g,1000000,"80,16,2,1",80,9.0,1,S,2,2,1,artifacts/smart-grid/c6525-25g/flink/1000000,i0s0-6136c99442849ec7e0669362a3dda95d,0,0,Globalload,,0.0029628515624795554,79.14416666666669,137.83116666666672,144.67033333333342,,,,,
Flink smart grid job,flink,Smart Grid,1,c6525-25g,1000000,"80,80,80,1",80,80.0,1,XXL,6,16,1,artifacts/smart-grid/c6525-25g/flink/1000000,i0s0-730601627ae3e75060870f818bd5e0fe,0,0,Globalload,,0.0011476468150808641,94.6640625,159.39293124999995,171.85527166666668,,,,,
Flink smart grid job,flink,Smart Grid,1,c6525-25g,1000000,"10,80,80,1",10,80.0,1,XXL,6,16,1,artifacts/smart-grid/c6525-25g/flink/1000000,i0s0-beb980a70dd0de277139313885788e47,0,0,Globalload,,0.0019136057318975067,99.61791666666664,168.2675291666667,180.4814875,,,,,
Flink smart grid job,flink,Smart Grid,1,c6525-25g,1000000,"80,80,16,1",80,48.0,1,XL,5,10,1,artifacts/smart-grid/c6525-25g/flink/1000000,i0s0-89cf3321f454efbee82c9c278c80e05e,0,0,Globalload,,0.002587594840131483,84.02760416666668,137.41440625000004,147.48926250000002,,,,,
Flink smart grid job,flink,Smart Grid,1,c6525-25g,1000000,"80,48,16,1",80,32.0,1,L,4,7,1,artifacts/smart-grid/c6525-25g/flink/1000000,i0s0-55d8ab6a874462e1f3f9142f8c231d62,0,0,Globalload,,0.0013436956454127113,82.60635416666666,170.51757291666667,185.91045,,,,,
SmartGrid,storm,Smart Grid,1,c6525-25g,500000,"10,8,8,1",10,8.0,1,S,2,2,2,artifacts/smart-grid/c6525-25g/storm/500000,i0s0-SmartGrid-14-1758916205,0,0,,house-event-parser-bolt,0.9999803341888444,0.003,0.004,0.004,global-median-bolt,0.007714635059877507,0.0,0.0,0.0
SmartGrid,storm,Smart Grid,1,c6525-25g,500000,"10,2,2,1",10,2.0,1,XS,1,1,2,artifacts/smart-grid/c6525-25g/storm/500000,i0s0-SmartGrid-12-1758915012,0,0,,house-event-parser-bolt,0.9999988163240133,0.003,0.003,0.003,global-median-bolt,0.008305767462535946,0.0,0.0,0.0
SmartGrid,storm,Smart Grid,1,c6525-25g,500000,"10,16,16,1",10,16.0,1,M,3,4,2,artifacts/smart-grid/c6525-25g/storm/500000,i0s0-SmartGrid-15-1758916716,0,0,,house-event-parser-bolt,0.9999949410933936,0.004,0.005,0.005,global-median-bolt,0.007267726504904088,0.0,0.0,0.0
SmartGrid,storm,Smart Grid,1,c6525-25g,500000,"10,4,4,1",10,4.0,1,XS,1,1,2,artifacts/smart-grid/c6525-25g/storm/500000,i0s0-SmartGrid-13-1758915501,0,0,,house-event-parser-bolt,1.0000001763041155,0.003,0.004,0.004,global-median-bolt,0.006375026277732149,0.0,0.0,0.0
SmartGrid,storm,Smart Grid,1,c6525-25g,500000,"10,32,32,1",10,32.0,1,L,4,7,2,artifacts/smart-grid/c6525-25g/storm/500000,i0s0-SmartGrid-16-1758917293,0,0,,house-event-parser-bolt,0.9999806971333591,0.005,0.007,0.007,global-median-bolt,0.007253370133290095,0.0,0.0,0.0
SmartGrid,storm,Smart Grid,1,c6525-25g,500000,"10,80,80,1",10,80.0,1,XXL,6,16,2,artifacts/smart-grid/c6525-25g/storm/500000,i0s0-SmartGrid-21-1758920054,0,0,,house-event-parser-bolt,1.000004760017545,0.005,0.007,0.007,global-median-bolt,0.007472608271723687,0.0,0.001,0.001
SmartGrid,storm,Smart Grid,1,c6525-25g,500000,"10,64,64,1",10,64.0,1,XXL,6,13,2,artifacts/smart-grid/c6525-25g/storm/500000,i0s0-SmartGrid-19-1758918930,0,0,,house-event-parser-bolt,0.9999960847189677,0.006,0.008,0.008,global-median-bolt,0.007442465896682532,0.0,0.001,0.001
SmartGrid,storm,Smart Grid,1,c6525-25g,500000,"10,40,40,1",10,40.0,1,XL,5,8,2,artifacts/smart-grid/c6525-25g/storm/500000,i0s0-SmartGrid-17-1758917819,0,0,,house-event-parser-bolt,0.999975183026635,0.005,0.007,0.007,global-median-bolt,0.007171257726754303,0.0,0.0,0.0
SmartGrid,storm,Smart Grid,1,c6525-25g,500000,"10,48,48,1",10,48.0,1,XL,5,10,2,artifacts/smart-grid/c6525-25g/storm/500000,i0s0-SmartGrid-18-1758918328,0,0,,house-event-parser-bolt,1.000001390423424,0.005,0.007,0.007,global-median-bolt,0.007449387853038386,0.0,0.0,0.0
SmartGrid,storm,Smart Grid,1,c6525-25g,500000,"10,72,72,1",10,72.0,1,XXL,6,15,2,artifacts/smart-grid/c6525-25g/storm/500000,i0s0-SmartGrid-20-1758919478,0,0,,house-event-parser-bolt,0.9999922490767291,0.006,0.007,0.007,global-median-bolt,0.0076797835613749005,0.0,0.001,0.001
SmartGrid,storm,Smart Grid,1,c6525-25g,100000,"10,80,80,1",10,80.0,1,XXL,6,16,2,artifacts/smart-grid/c6525-25g/storm/100000,i0s0-SmartGrid-11-1758913907,0,0,,house-event-parser-bolt,1.0001065489043415,0.004,0.006,0.006,global-median-bolt,0.013061957497755163,0.0,0.0,0.0
SmartGrid,storm,Smart Grid,1,c6525-25g,100000,"10,72,72,1",10,72.0,1,XXL,6,15,2,artifacts/smart-grid/c6525-25g/storm/100000,i0s0-SmartGrid-10-1758912757,0,0,,house-event-parser-bolt,0.9997314255625208,0.005,0.009,0.009,global-median-bolt,0.02283287472607141,0.0,0.001,0.001
SmartGrid,storm,Smart Grid,1,c6525-25g,100000,"10,32,32,1",10,32.0,1,L,4,7,2,artifacts/smart-grid/c6525-25g/storm/100000,i0s0-SmartGrid-6-1758900515,0,0,,house-event-parser-bolt,1.000043331298688,0.005,0.007,0.007,global-median-bolt,0.012938241713686028,0.0,0.0,0.0
SmartGrid,storm,Smart Grid,1,c6525-25g,100000,"10,4,4,1",10,4.0,1,XS,1,1,2,artifacts/smart-grid/c6525-25g/storm/100000,i0s0-SmartGrid-3-1758896819,0,0,,house-event-parser-bolt,1.0000312232135757,0.003,0.004,0.004,global-median-bolt,0.021905510995144147,0.0,0.0,0.0
SmartGrid,storm,Smart Grid,1,c6525-25g,100000,"10,8,8,1",10,8.0,1,S,2,2,2,artifacts/smart-grid/c6525-25g/storm/100000,i0s0-SmartGrid-4-1758898114,0,0,,house-event-parser-bolt,0.9999962138686574,0.003,0.004,0.004,global-median-bolt,0.016826505549383745,0.0,0.0,0.0
SmartGrid,storm,Smart Grid,1,c6525-25g,100000,"10,48,48,1",10,48.0,1,XL,5,10,2,artifacts/smart-grid/c6525-25g/storm/100000,i0s0-SmartGrid-8-1758901543,0,0,,house-event-parser-bolt,0.9999608671043988,0.005,0.008,0.008,global-median-bolt,0.02312820759341655,0.0,0.0,0.0
SmartGrid,storm,Smart Grid,1,c6525-25g,100000,"10,64,64,1",10,64.0,1,XXL,6,13,2,artifacts/smart-grid/c6525-25g/storm/100000,i0s0-SmartGrid-9-1758907739,0,0,,house-event-parser-bolt,1.0001130245545118,0.006,0.008,0.008,global-median-bolt,0.021170785587686675,0.001,0.001,0.001
SmartGrid,storm,Smart Grid,1,c6525-25g,100000,"10,40,40,1",10,40.0,1,XL,5,8,2,artifacts/smart-grid/c6525-25g/storm/100000,i0s0-SmartGrid-7-1758901049,0,0,,house-event-parser-bolt,1.000132348558774,0.005,0.007,0.007,global-median-bolt,0.018773654729018086,0.0,0.0,0.0
SmartGrid,storm,Smart Grid,1,c6525-25g,100000,"10,2,2,1",10,2.0,1,XS,1,1,2,artifacts/smart-grid/c6525-25g/storm/100000,i0s0-SmartGrid-2-1758896277,0,0,,house-event-parser-bolt,0.9999578849715739,0.003,0.003,0.003,global-median-bolt,0.01662297515072475,0.0,0.0,0.0
SmartGrid,storm,Smart Grid,1,c6525-25g,100000,"10,16,16,1",10,16.0,1,M,3,4,2,artifacts/smart-grid/c6525-25g/storm/100000,i0s0-SmartGrid-5-1758899623,0,0,,house-event-parser-bolt,0.9998404428750807,0.004,0.005,0.005,global-median-bolt,0.01679680275568707,0.0,0.0,0.0
SmartGrid,storm,Smart Grid,1,c6525-25g,1000000,"10,64,64,1",10,64.0,1,XXL,6,13,2,artifacts/smart-grid/c6525-25g/storm/1000000,i0s0-SmartGrid-29-1758924817,0,0,,house-event-parser-bolt,0.9999675586026495,0.007,0.008,0.008,global-median-bolt,0.004885400392154051,0.0,0.0,0.0
SmartGrid,storm,Smart Grid,1,c6525-25g,1000000,"10,8,8,1",10,8.0,1,S,2,2,2,artifacts/smart-grid/c6525-25g/storm/1000000,i0s0-SmartGrid-24-1758922027,0,0,,house-event-parser-bolt,1.0000032939304297,0.004,0.004,0.004,global-median-bolt,0.004179483564759164,0.0,0.0,0.0
SmartGrid,storm,Smart Grid,1,c6525-25g,1000000,"10,72,72,1",10,72.0,1,XXL,6,15,2,artifacts/smart-grid/c6525-25g/storm/1000000,i0s0-SmartGrid-30-1758925299,0,0,,house-event-parser-bolt,1.0000147008866735,0.007,0.008,0.008,global-median-bolt,0.0056533964650230945,0.0,0.0,0.0
SmartGrid,storm,Smart Grid,1,c6525-25g,1000000,"10,4,4,1",10,4.0,1,XS,1,1,2,artifacts/smart-grid/c6525-25g/storm/1000000,i0s0-SmartGrid-23-1758921282,0,0,,house-event-parser-bolt,0.9999937760997902,0.003,0.003,0.003,global-median-bolt,0.005169310017915415,0.0,0.0,0.0
SmartGrid,storm,Smart Grid,1,c6525-25g,1000000,"10,80,80,1",10,80.0,1,XXL,6,16,2,artifacts/smart-grid/c6525-25g/storm/1000000,i0s0-SmartGrid-31-1758925836,0,0,,house-event-parser-bolt,0.9999964536664129,0.006,0.007,0.007,global-median-bolt,0.005685864116700097,0.0,0.001,0.001
SmartGrid,storm,Smart Grid,1,c6525-25g,1000000,"10,48,48,1",10,48.0,1,XL,5,10,2,artifacts/smart-grid/c6525-25g/storm/1000000,i0s0-SmartGrid-28-1758924212,0,0,,house-event-parser-bolt,0.9999919302749821,0.006,0.007,0.007,global-median-bolt,0.004747207703462556,0.0,0.0,0.0
SmartGrid,storm,Smart Grid,1,c6525-25g,1000000,"10,32,32,1",10,32.0,1,L,4,7,2,artifacts/smart-grid/c6525-25g/storm/1000000,i0s0-SmartGrid-26-1758923010,0,0,,house-event-parser-bolt,0.999945650288474,0.006,0.007,0.007,global-median-bolt,0.0048362754962041525,0.0,0.0,0.0
SmartGrid,storm,Smart Grid,1,c6525-25g,1000000,"10,16,16,1",10,16.0,1,M,3,4,2,artifacts/smart-grid/c6525-25g/storm/1000000,i0s0-SmartGrid-25-1758922511,0,0,,house-event-parser-bolt,0.9999885948437586,0.005,0.005,0.005,global-median-bolt,0.004431028710309355,0.0,0.0,0.0
SmartGrid,storm,Smart Grid,1,c6525-25g,1000000,"10,2,2,1",10,2.0,1,XS,1,1,2,artifacts/smart-grid/c6525-25g/storm/1000000,i0s0-SmartGrid-22-1758920669,0,0,,house-event-parser-bolt,0.9999995162742572,0.003,0.003,0.003,global-median-bolt,0.00807281646801781,0.0,0.0,0.0
SmartGrid,storm,Smart Grid,1,c6525-25g,1000000,"10,40,40,1",10,40.0,1,XL,5,8,2,artifacts/smart-grid/c6525-25g/storm/1000000,i0s0-SmartGrid-27-1758923724,0,0,,house-event-parser-bolt,0.9999895883903703,0.006,0.007,0.007,global-median-bolt,0.00447182093752964,0.0,0.0,0.0
