job_name,framework,query,job_query_number,hardware_type,producer_rate,parallelism,parallelism_source,parallelism_avg,parallelism_sink,class,class_num,class_num_distinct,num_operators,path,artifact,meta__job_iteration,meta__job_sample,op1_name_flink,op1_name_storm,op1_selectivity,op1_latency_50,op1_latency_95,op1_latency_99,op2_name_flink,op2_name_storm,op2_selectivity,op2_latency_50,op2_latency_95,op2_latency_99,op3_name_flink,op3_name_storm,op3_selectivity,op3_latency_50,op3_latency_95,op3_latency_99
Bargain Index,flink,Bargain Index,1,c6525-100g,500000,"10,4,4,4,1",10,4.0,1,XS,1,1,3,artifacts/bargain-index/c6525-100g/flink/500000,i1s0-4e8bc3b1b6614dc84872a9091de26125,1,0,BargainIndexParser,,0.999999932176789,43.56271777003485,94.23767421602787,97.61632404181185,BargainIndexVWAP,,0.000141761580480331,66.52134146341461,130.13776132404178,152.38024390243902,BargainIndexCalc,,0.0,133.60060975609758,198.5244337979094,221.4929790940767
Bargain Index,flink,Bargain Index,1,c6525-100g,500000,"10,48,48,48,1",10,48.0,1,XL,5,10,3,artifacts/bargain-index/c6525-100g/flink/500000,i6s0-66bc088fab76ecaea28aa2a004fb4568,6,0,BargainIndexParser,,1.0,45.05463031120925,94.61192942839327,98.6995597728295,BargainIndexVWAP,,0.00015824909337157312,92.94013272911299,162.93082633010266,178.85395808796466,BargainIndexCalc,,0.0,169.68740619760356,243.32114403140721,259.5497984603116
Bargain Index,flink,Bargain Index,1,c6525-100g,500000,"10,64,64,64,1",10,64.0,1,XXL,6,13,3,artifacts/bargain-index/c6525-100g/flink/500000,i7s0-1559ba6fb9347c297dfd259e7bc5125e,7,0,BargainIndexParser,,0.9999991050218121,45.393849309320856,94.214048005375,97.92446648147528,BargainIndexVWAP,,0.00017087407080944013,91.84854145440035,161.94591117753794,176.4136549741711,BargainIndexCalc,,0.0,158.2978605002454,234.71539920331858,251.50303070942226
Bargain Index,flink,Bargain Index,1,c6525-100g,500000,"10,40,40,40,1",10,40.0,1,XL,5,8,3,artifacts/bargain-index/c6525-100g/flink/500000,i5s0-bcff4483959d4464f81bdddd2d946434,5,0,BargainIndexParser,,0.9999992186542503,44.50142814502571,94.51244068431569,98.36086511659072,BargainIndexVWAP,,0.00015539743911385285,89.85282080724156,164.2553970876684,178.7629004897542,BargainIndexCalc,,0.0,149.33171752028457,238.94792407287835,255.4799290709291
Bargain Index,flink,Bargain Index,1,c6525-100g,500000,"10,32,32,32,1",10,32.0,1,L,4,7,3,artifacts/bargain-index/c6525-100g/flink/500000,i4s0-c835d4bb8a110b7dfe86c85f31605b0d,4,0,BargainIndexParser,,1.0,44.05268854620989,94.07681493430351,97.96760372249702,BargainIndexVWAP,,0.00012428749170300427,94.24703650008527,168.66593549362224,182.43580296228163,BargainIndexCalc,,0.0,150.04014030938578,231.36615309233449,249.55772699861112
Bargain Index,flink,Bargain Index,1,c6525-100g,500000,"10,96,96,96,1",10,96.0,1,XXL,6,16,3,artifacts/bargain-index/c6525-100g/flink/500000,i10s0-1af0eb1dd3dd8ea65b710ea78f7ffb64,10,0,BargainIndexParser,,0.9999994454993074,47.17256593761928,94.93780628035584,98.53776223776225,BargainIndexVWAP,,0.00016612843643643601,96.93673609165224,167.95582553244523,181.2458468208621,BargainIndexCalc,,0.0,149.6271579665253,233.5279301173927,251.56913638698705
Bargain Index,flink,Bargain Index,1,c6525-100g,500000,"10,80,80,80,1",10,80.0,1,XXL,6,16,3,artifacts/bargain-index/c6525-100g/flink/500000,i9s0-1509aed2632cbe7d0bc448c04cb9d11b,9,0,BargainIndexParser,,1.0000000000000002,46.17622421364378,94.37041526996829,97.98023284914456,BargainIndexVWAP,,0.00012074533733272412,98.75395220588236,168.71615564025853,181.0118730596405,BargainIndexCalc,,0.0,155.52426583225198,237.79859567984664,253.54014055291233
Bargain Index,flink,Bargain Index,1,c6525-100g,500000,"10,72,72,72,1",10,72.0,1,XXL,6,15,3,artifacts/bargain-index/c6525-100g/flink/500000,i8s0-ecd84d26857b6712e9fc013ecf275ffe,8,0,BargainIndexParser,,1.0000003999219353,45.835648148148124,94.30145399305556,97.85018132716051,BargainIndexVWAP,,0.00013332126712335598,96.08036747685188,168.24275173611105,180.58417631172847,BargainIndexCalc,,0.0,151.24389949845678,231.64918740354938,247.2163377700617
Bargain Index,flink,Bargain Index,1,c6525-100g,500000,"10,8,8,8,1",10,8.0,1,S,2,2,3,artifacts/bargain-index/c6525-100g/flink/500000,i2s0-5a4cddef461115b8ae7c9af2b52cc5ca,2,0,BargainIndexParser,,0.9999999999999998,41.49879853902346,93.75573232050172,97.87857716983854,BargainIndexVWAP,,0.0001346739281384503,71.73251273548635,146.40941584967322,166.76759047001156,BargainIndexCalc,,0.0,137.0134548611111,216.18207465277777,238.46812500000004
Bargain Index,flink,Bargain Index,1,c6525-100g,500000,"10,2,2,2,1",10,2.0,1,XS,1,1,3,artifacts/bargain-index/c6525-100g/flink/500000,i0s0-8b3f9c4a7fb5308155963c67c1197ffa,0,0,BargainIndexParser,,0.999999914153885,35.89236111111113,86.9978298611111,94.60440972222223,BargainIndexVWAP,,0.0001655025492212553,66.7222222222222,133.30347222222224,145.32510416666682,BargainIndexCalc,,0.0,128.85069444444449,200.55190972222215,214.73954861111127
Bargain Index,flink,Bargain Index,1,c6525-100g,500000,"10,16,16,16,1",10,16.0,1,M,3,4,3,artifacts/bargain-index/c6525-100g/flink/500000,i3s0-3ce5bf99487ffee3a61335b2e27f5641,3,0,BargainIndexParser,,1.0,45.212586505190316,95.13833261245675,100.6591089965398,BargainIndexVWAP,,0.00011321665466338533,88.1813365051903,164.9736916089965,177.7693901384083,BargainIndexCalc,,0.0,155.79108996539793,235.113267733564,248.00981833910035
Bargain Index,flink,Bargain Index,1,c6525-100g,100000,"10,96,96,96,1",10,96.0,1,XXL,6,16,3,artifacts/bargain-index/c6525-100g/flink/100000,i10s0-2eb631f6ff66a829c25aeaeb675bc222,10,0,BargainIndexParser,,1.0,49.61569224426903,95.3590971871796,98.9423727052095,BargainIndexVWAP,,0.0005201150710296173,99.26192062047451,169.64379292719943,181.93183926154205,BargainIndexCalc,,0.0,156.49077290485224,238.34140476694654,254.95008985676586
Bargain Index,flink,Bargain Index,1,c6525-100g,100000,"10,8,8,8,1",10,8.0,1,S,2,2,3,artifacts/bargain-index/c6525-100g/flink/100000,i2s0-58fa17e78adf67eb83ecbaab772321a1,2,0,BargainIndexParser,,1.0000002240232697,47.80638111888111,94.84906031468529,98.31985139860139,BargainIndexVWAP,,0.0003930968405309404,89.41826923076923,158.51993006993004,170.09162587412587,BargainIndexCalc,,0.0,138.2043269230769,222.38009178321684,238.32917832167834
Bargain Index,flink,Bargain Index,1,c6525-100g,100000,"10,64,64,64,1",10,64.0,1,XXL,6,13,3,artifacts/bargain-index/c6525-100g/flink/100000,i7s0-ee58c81c5ae7a20082cc73b40adbf066,7,0,BargainIndexParser,,1.0,49.45369616328457,95.33311371002141,98.69610670325115,BargainIndexVWAP,,0.00054506593509251,100.12435477790993,169.37436494339616,181.43314330726164,BargainIndexCalc,,0.0,150.93105998143747,232.91643871760562,250.51849631902397
Bargain Index,flink,Bargain Index,1,c6525-100g,100000,"10,2,2,2,1",10,2.0,1,XS,1,1,3,artifacts/bargain-index/c6525-100g/flink/100000,i0s0-27156fa7a1c6ad3895250573d3bfd868,0,0,BargainIndexParser,,1.0,45.92474048442904,94.47162629757784,97.70373702422148,BargainIndexVWAP,,0.00036778977505848325,65.60121107266434,120.09705882352947,134.17321799307965,BargainIndexCalc,,0.0,134.89186851211076,192.8823529411764,206.4650519031143
Bargain Index,flink,Bargain Index,1,c6525-100g,100000,"10,16,16,16,1",10,16.0,1,M,3,4,3,artifacts/bargain-index/c6525-100g/flink/100000,i3s0-64ff11bd4becf585bf1b4798e1a5b429,3,0,BargainIndexParser,,0.9999999252843599,48.0908101045296,94.95409407665507,98.19015679442512,BargainIndexVWAP,,0.0003831069162007921,93.8134799651568,168.8615853658536,180.84131533101046,BargainIndexCalc,,0.0,158.43064024390242,240.83278527874563,254.3017595818816
Bargain Index,flink,Bargain Index,1,c6525-100g,100000,"10,4,4,4,1",10,4.0,1,XS,1,1,3,artifacts/bargain-index/c6525-100g/flink/100000,i1s0-9b81a5f0a6ef74614ba0ec59d0150350,1,0,BargainIndexParser,,0.9999999999999999,47.31861888111888,94.63837412587411,97.96998251748252,BargainIndexVWAP,,0.000250722701248908,66.74082167832168,131.61254370629374,157.94466783216788,BargainIndexCalc,,0.0,140.3605769230769,205.75948426573424,234.56393356643366
Bargain Index,flink,Bargain Index,1,c6525-100g,100000,"10,72,72,72,1",10,72.0,1,XXL,6,15,3,artifacts/bargain-index/c6525-100g/flink/100000,i8s0-effd1fecd0edab41ad8eba05408ee3dc,8,0,BargainIndexParser,,1.0000000000000002,49.45140317164582,95.36578710088934,98.93626885996042,BargainIndexVWAP,,0.0005524650117808951,98.78266827776169,167.52389603530824,179.600161559825,BargainIndexCalc,,0.0,163.139929345722,238.86213946960902,253.35121176926052
Bargain Index,flink,Bargain Index,1,c6525-100g,100000,"10,48,48,48,1",10,48.0,1,XL,5,10,3,artifacts/bargain-index/c6525-100g/flink/100000,i6s0-c3a5c8f24902188e6e9cb15b2ee8e521,6,0,BargainIndexParser,,1.0,48.998502804410165,95.06924995794886,98.24737862240484,BargainIndexVWAP,,0.0005936913182864131,98.51140536892862,172.48362356125043,184.21799861131137,BargainIndexCalc,,0.0,159.501677034483,240.88139797239958,256.4864038779692
Bargain Index,flink,Bargain Index,1,c6525-100g,100000,"10,40,40,40,1",10,40.0,1,XL,5,8,3,artifacts/bargain-index/c6525-100g/flink/100000,i5s0-093a98b1e11233ec489352eca415425d,5,0,BargainIndexParser,,0.9999999999999999,48.692921864720645,95.02859454569818,98.71589202870301,BargainIndexVWAP,,0.00045307898519146713,103.83610398747594,171.44107855559076,183.47326056260812,BargainIndexCalc,,0.0,170.21479008796086,248.0555032162959,264.5344692868107
Bargain Index,flink,Bargain Index,1,c6525-100g,100000,"10,32,32,32,1",10,32.0,1,L,4,7,3,artifacts/bargain-index/c6525-100g/flink/100000,i4s0-fad53c10881adc08be8ae742bf50f932,4,0,BargainIndexParser,,1.0000000000000002,49.69975996146681,96.07328585492884,99.55977085752998,BargainIndexVWAP,,0.0004811482037790829,93.80690149535423,165.44004225721667,180.48696169213363,BargainIndexCalc,,0.0,148.7823904571356,233.68162550208095,251.2319159604264
Bargain Index,flink,Bargain Index,1,c6525-100g,100000,"10,80,80,80,1",10,80.0,1,XXL,6,16,3,artifacts/bargain-index/c6525-100g/flink/100000,i9s0-a0ee05bd44968a85e38c6f3336314d4e,9,0,BargainIndexParser,,1.0,50.390998384872276,97.43223322414583,102.58006714273616,BargainIndexVWAP,,0.0005455310517263829,101.7070975640002,172.23702590404812,186.59690139856758,BargainIndexCalc,,0.0,174.08754680543456,248.5668483685395,264.88705465725417
Bargain Index,flink,Bargain Index,1,c6525-100g,1000000,"10,4,4,4,1",10,4.0,1,XS,1,1,3,artifacts/bargain-index/c6525-100g/flink/1000000,i0s0-e7dd0fb4e2bcefe1def91ffcb53f54d1,0,0,BargainIndexParser,,0.9999999849434676,34.866695804195814,91.99256993006996,98.0951223776224,BargainIndexVWAP,,9.822448062418478e-05,78.5174825174825,149.00616258741258,164.91931818181817,BargainIndexCalc,,0.0,128.71328671328666,207.41481643356644,223.0205069930069
Bargain Index,flink,Bargain Index,1,c6525-100g,1000000,"10,64,64,64,1",10,64.0,1,XXL,6,13,3,artifacts/bargain-index/c6525-100g/flink/1000000,i0s0-2a1e75236aa78da39e985c4a9a43d63a,0,0,BargainIndexParser,,1.0,58.83208333333335,165.26365885416666,193.75291770833326,BargainIndexVWAP,,0.00010014379780274217,110.61018229166667,230.8085208333333,265.4821010416666,BargainIndexCalc,,0.0,175.58755208333326,299.03998437500013,334.64567187500006
Bargain Index,flink,Bargain Index,1,c6525-100g,1000000,"10,72,72,72,1",10,72.0,1,XXL,6,15,3,artifacts/bargain-index/c6525-100g/flink/1000000,i0s0-5102c29a8f66880590b5c235dacd2864,0,0,BargainIndexParser,,1.000000307261469,41.99798611111113,93.2742384259259,97.60209166666665,BargainIndexVWAP,,9.636450325935642e-05,90.73261574074077,164.1734652777777,179.19045925925928,BargainIndexCalc,,0.0,155.74789351851845,234.8804861111111,251.53684629629626
Bargain Index,flink,Bargain Index,1,c6525-100g,1000000,"10,80,80,80,1",10,80.0,1,XXL,6,16,3,artifacts/bargain-index/c6525-100g/flink/1000000,i0s0-5dd580ae2c2795116c5ff07cc7ba4b4a,0,0,BargainIndexParser,,1.0000000000000002,43.265790719696966,93.89619675783736,98.00192008485763,BargainIndexVWAP,,9.956723621641e-05,95.84399321196199,167.4061992105742,180.27708924549543,BargainIndexCalc,,0.0,157.32885385385381,236.592362689394,251.80122719594593
Bargain Index,flink,Bargain Index,1,c6525-100g,1000000,"10,2,2,2,1",10,2.0,1,XS,1,1,3,artifacts/bargain-index/c6525-100g/flink/1000000,i0s0-09d331d6204154eecdc3a33e0c972cb0,0,0,BargainIndexParser,,0.9999998848039935,52.17955326460482,74.65884879725083,76.72783505154636,BargainIndexVWAP,,0.00015693827157029454,72.97680412371132,132.10446735395195,137.7410996563574,BargainIndexCalc,,0.0,132.34593257494964,204.0623450645811,213.30396160682554
Bargain Index,flink,Bargain Index,1,c6525-100g,1000000,"10,96,96,96,1",10,96.0,1,XXL,6,16,3,artifacts/bargain-index/c6525-100g/flink/1000000,i0s0-d623ed1efe17953a3bbe83f0fd7b5ec0,0,0,BargainIndexParser,,1.0000004296234513,44.12821180555556,94.09614756944443,98.16694513888889,BargainIndexVWAP,,9.976940404505632e-05,96.65046875,168.38060763888893,181.29431805555558,BargainIndexCalc,,0.0,154.41657986111116,238.55312847222223,253.0859569444445
Bargain Index,flink,Bargain Index,1,c6525-100g,1000000,"10,40,40,40,1",10,40.0,1,XL,5,8,3,artifacts/bargain-index/c6525-100g/flink/1000000,i0s0-2d4c0964dfa9d2a02aa2e67ddfe47953,0,0,BargainIndexParser,,0.9999940067353429,63.096374999999995,177.25205833333334,207.64165,BargainIndexVWAP,,9.984280459856162e-05,118.46091666666666,239.97035416666668,276.73214166666656,BargainIndexCalc,,0.0,166.15154166666667,293.0829,331.18717999999996
Bargain Index,flink,Bargain Index,1,c6525-100g,1000000,"10,2,2,2,1",10,2.0,1,XS,1,1,3,artifacts/bargain-index/c6525-100g/flink/1000000,i0s0-babf6bc8ae52c5982b051dc722a8699a,0,0,BargainIndexParser,,1.000000377227264,44.022727272727266,59.83251748251749,61.24192307692303,BargainIndexVWAP,,0.0001576867557888469,67.42744755244752,117.93111888111888,121.64059440559446,BargainIndexCalc,,0.0,135.0297202797202,199.90454545454543,207.01947552447547
Bargain Index,flink,Bargain Index,1,c6525-100g,1000000,"10,48,48,48,1",10,48.0,1,XL,5,10,3,artifacts/bargain-index/c6525-100g/flink/1000000,i0s0-fcd0fc576e153506620dfc3eb3ac1f65,0,0,BargainIndexParser,,0.9953870836382398,45.21437355324073,99.2718605324074,110.35977575231482,BargainIndexVWAP,,9.80238841274899e-05,98.39485677083333,173.07821903935186,187.55437789351853,BargainIndexCalc,,0.0,169.7462745949074,250.09940321180557,265.6987384259259
Bargain Index,flink,Bargain Index,1,c6525-100g,1000000,"10,32,32,32,1",10,32.0,1,L,4,7,3,artifacts/bargain-index/c6525-100g/flink/1000000,i0s0-dcf8c2450d61d52158d75791478691a1,0,0,BargainIndexParser,,0.9999999999999998,46.16893510452961,110.34248148954701,125.39088632404183,BargainIndexVWAP,,9.468350998147701e-05,104.60659843205575,182.51360518292682,198.20579921602783,BargainIndexCalc,,0.0,161.87211454703834,245.5538708623694,263.13254137630656
Bargain Index,flink,Bargain Index,1,c6525-100g,1000000,"10,8,8,8,1",10,8.0,1,S,2,2,3,artifacts/bargain-index/c6525-100g/flink/1000000,i0s0-0fc37175ae02136ac98dbbb71a287c0e,0,0,BargainIndexParser,,1.0000003160793787,44.916480654761905,104.28990182200927,126.5174761360337,BargainIndexVWAP,,9.755750289730983e-05,83.67304929466705,151.07403908972125,179.4962437391116,BargainIndexCalc,,0.0,141.2974738675958,212.49843205574916,240.65643728223003
Bargain Index,flink,Bargain Index,1,c6525-100g,1000000,"10,16,16,16,1",10,16.0,1,M,3,4,3,artifacts/bargain-index/c6525-100g/flink/1000000,i0s0-dfb07aa806071666499bf679dac35db3,0,0,BargainIndexParser,,1.0,44.892144097222214,100.47425130208335,111.96318576388892,BargainIndexVWAP,,9.8856386692154e-05,89.25032552083331,171.55750868055557,190.49534722222228,BargainIndexCalc,,0.0,149.2328559027778,240.53887803819447,261.79893229166663
BargainIndex,storm,Bargain Index,1,c6525-100g,500000,"10,16,16,16,1",10,16.0,1,M,3,4,3,artifacts/bargain-index/c6525-100g/storm/500000,i3s0-BargainIndex-60-1760289097,3,0,,parser-bolt,1.0000022286130923,0.006,0.122,0.122,,vwap-calculator-bolt,0.00015306116081513046,0.0,0.004,0.004,,bargain-index-bolt,0.0,0.002,0.005,0.005
BargainIndex,storm,Bargain Index,1,c6525-100g,500000,"10,48,48,48,1",10,48.0,1,XL,5,10,3,artifacts/bargain-index/c6525-100g/storm/500000,i6s0-BargainIndex-63-1760290312,6,0,,parser-bolt,1.0000431982463083,0.008,0.008,0.008,,vwap-calculator-bolt,0.0021577111932726068,0.0,0.0,0.0,,bargain-index-bolt,0.0,0.001,0.001,0.001
BargainIndex,storm,Bargain Index,1,c6525-100g,500000,"10,80,80,80,1",10,80.0,1,XXL,6,16,3,artifacts/bargain-index/c6525-100g/storm/500000,i9s0-BargainIndex-66-1760292566,9,0,,parser-bolt,0.9999205479312029,0.015,0.016,0.016,,vwap-calculator-bolt,0.0006600555815497684,0.0,0.001,0.001,,bargain-index-bolt,0.0,0.0,0.001,0.001
BargainIndex,storm,Bargain Index,1,c6525-100g,500000,"10,72,72,72,1",10,72.0,1,XXL,6,15,3,artifacts/bargain-index/c6525-100g/storm/500000,i8s0-BargainIndex-65-1760292162,8,0,,parser-bolt,1.0000511403184615,0.012,0.176,0.176,,vwap-calculator-bolt,3.486484219889733e-05,0.0,0.001,0.001,,bargain-index-bolt,0.0,0.009,0.009,0.009
BargainIndex,storm,Bargain Index,1,c6525-100g,500000,"10,8,8,8,1",10,8.0,1,S,2,2,3,artifacts/bargain-index/c6525-100g/storm/500000,i2s0-BargainIndex-59-1760288691,2,0,,parser-bolt,0.9999707568659659,0.005,0.043,0.043,,vwap-calculator-bolt,0.0001695854110751259,0.0,0.001,0.001,,bargain-index-bolt,0.0,0.002,0.005,0.005
BargainIndex,storm,Bargain Index,1,c6525-100g,500000,"10,96,96,96,1",10,96.0,1,XXL,6,16,3,artifacts/bargain-index/c6525-100g/storm/500000,i10s0-BargainIndex-67-1760292970,10,0,,parser-bolt,0.999929233773115,0.015,0.017,0.017,,vwap-calculator-bolt,0.0011325512856973873,0.0,0.001,0.001,,bargain-index-bolt,0.0,0.009,0.009,0.009
BargainIndex,storm,Bargain Index,1,c6525-100g,500000,"10,32,32,32,1",10,32.0,1,L,4,7,3,artifacts/bargain-index/c6525-100g/storm/500000,i4s0-BargainIndex-61-1760289500,4,0,,parser-bolt,1.000103775302522,0.009,0.134,0.134,,vwap-calculator-bolt,,0.0,0.001,0.001,,bargain-index-bolt,0.0,0.017,0.017,0.017
BargainIndex,storm,Bargain Index,1,c6525-100g,500000,"10,2,2,2,1",10,2.0,1,XS,1,1,3,artifacts/bargain-index/c6525-100g/storm/500000,i0s0-BargainIndex-57-1760287883,0,0,,parser-bolt,0.9999763866818702,0.004,0.005,0.005,,vwap-calculator-bolt,0.00029128604289412204,0.0,0.0,0.0,,bargain-index-bolt,0.0,0.001,0.002,0.002
BargainIndex,storm,Bargain Index,1,c6525-100g,500000,"10,4,4,4,1",10,4.0,1,XS,1,1,3,artifacts/bargain-index/c6525-100g/storm/500000,i1s0-BargainIndex-58-1760288286,1,0,,parser-bolt,0.9999947857191276,0.005,0.005,0.005,,vwap-calculator-bolt,0.00019784036609989456,0.0,0.0,0.0,,bargain-index-bolt,0.0,0.001,0.002,0.002
BargainIndex,storm,Bargain Index,1,c6525-100g,500000,"10,40,40,40,1",10,40.0,1,XL,5,8,3,artifacts/bargain-index/c6525-100g/storm/500000,i5s0-BargainIndex-62-1760289905,5,0,,parser-bolt,0.9999634272516655,0.008,0.011,0.011,,vwap-calculator-bolt,0.00014268925770353583,0.0,0.004,0.004,,bargain-index-bolt,0.0,0.0,0.0,0.0
BargainIndex,storm,Bargain Index,1,c6525-100g,500000,"10,64,64,64,1",10,64.0,1,XXL,6,13,3,artifacts/bargain-index/c6525-100g/storm/500000,i7s0-BargainIndex-64-1760291759,7,0,,parser-bolt,1.0000225468685529,0.007,0.01,0.01,,vwap-calculator-bolt,0.0002202589245098276,0.0,0.0,0.0,,bargain-index-bolt,0.0,0.002,0.002,0.002
BargainIndex,storm,Bargain Index,1,c6525-100g,100000,"10,16,16,16,1",10,16.0,1,M,3,4,3,artifacts/bargain-index/c6525-100g/storm/100000,i3s0-BargainIndex-49-1760283542,3,0,,parser-bolt,1.0001140986407167,0.006,0.122,0.122,,vwap-calculator-bolt,0.0006317610194127775,0.0,0.003,0.003,,bargain-index-bolt,0.0,0.0,0.001,0.001
BargainIndex,storm,Bargain Index,1,c6525-100g,100000,"10,96,96,96,1",10,96.0,1,XXL,6,16,3,artifacts/bargain-index/c6525-100g/storm/100000,i10s0-BargainIndex-56-1760286373,10,0,,parser-bolt,0.999997198859936,0.01,0.247,0.247,,vwap-calculator-bolt,0.0006117653666847654,0.0,0.011,0.011,,bargain-index-bolt,0.0,0.0,0.002,0.002
BargainIndex,storm,Bargain Index,1,c6525-100g,100000,"10,8,8,8,1",10,8.0,1,S,2,2,3,artifacts/bargain-index/c6525-100g/storm/100000,i2s0-BargainIndex-48-1760283139,2,0,,parser-bolt,1.0001583541810826,0.005,0.083,0.083,,vwap-calculator-bolt,0.0005056683649435205,0.0,0.003,0.003,,bargain-index-bolt,0.0,0.0,0.001,0.001
BargainIndex,storm,Bargain Index,1,c6525-100g,100000,"10,2,2,2,1",10,2.0,1,XS,1,1,3,artifacts/bargain-index/c6525-100g/storm/100000,i0s0-BargainIndex-46-1760282333,0,0,,parser-bolt,0.9999916420951597,0.004,0.004,0.004,,vwap-calculator-bolt,0.0005181901001057056,0.0,0.0,0.0,,bargain-index-bolt,0.0,0.0,0.0,0.0
BargainIndex,storm,Bargain Index,1,c6525-100g,100000,"10,4,4,4,1",10,4.0,1,XS,1,1,3,artifacts/bargain-index/c6525-100g/storm/100000,i1s0-BargainIndex-47-1760282734,1,0,,parser-bolt,1.0000329379004849,0.005,0.045,0.045,,vwap-calculator-bolt,0.0005415299110661816,0.0,0.006,0.006,,bargain-index-bolt,0.0,0.003,0.333,0.3330000000000001
BargainIndex,storm,Bargain Index,1,c6525-100g,100000,"10,72,72,72,1",10,72.0,1,XXL,6,15,3,artifacts/bargain-index/c6525-100g/storm/100000,i8s0-BargainIndex-54-1760285564,8,0,,parser-bolt,0.999570525799129,0.009,0.326,0.326,,vwap-calculator-bolt,0.0007607856361490432,0.0,0.0,0.0,,bargain-index-bolt,0.0,0.0,0.001,0.001
BargainIndex,storm,Bargain Index,1,c6525-100g,100000,"10,80,80,80,1",10,80.0,1,XXL,6,16,3,artifacts/bargain-index/c6525-100g/storm/100000,i9s0-BargainIndex-55-1760285969,9,0,,parser-bolt,1.0002717575608815,0.009,0.272,0.272,,vwap-calculator-bolt,0.000697762489786727,0.0,0.0,0.0,,bargain-index-bolt,0.0,0.005,0.013,0.013
BargainIndex,storm,Bargain Index,1,c6525-100g,100000,"10,64,64,64,1",10,64.0,1,XXL,6,13,3,artifacts/bargain-index/c6525-100g/storm/100000,i7s0-BargainIndex-53-1760285158,7,0,,parser-bolt,1.0000260713852824,0.008,0.244,0.244,,vwap-calculator-bolt,0.0007570158407977761,0.0,0.004,0.004,,bargain-index-bolt,0.0,0.001,0.003,0.003
BargainIndex,storm,Bargain Index,1,c6525-100g,100000,"10,48,48,48,1",10,48.0,1,XL,5,10,3,artifacts/bargain-index/c6525-100g/storm/100000,i6s0-BargainIndex-52-1760284755,6,0,,parser-bolt,1.0000663902499638,0.008,0.281,0.281,,vwap-calculator-bolt,0.0007219873609636537,0.0,0.0,0.0,,bargain-index-bolt,0.0,0.001,1.0,1.0
BargainIndex,storm,Bargain Index,1,c6525-100g,100000,"10,40,40,40,1",10,40.0,1,XL,5,8,3,artifacts/bargain-index/c6525-100g/storm/100000,i5s0-BargainIndex-51-1760284350,5,0,,parser-bolt,1.0003159431430924,0.007,0.211,0.21099999999999997,,vwap-calculator-bolt,0.0006463628547019454,0.0,0.004,0.004,,bargain-index-bolt,0.0,0.002,0.004,0.004
BargainIndex,storm,Bargain Index,1,c6525-100g,100000,"10,32,32,32,1",10,32.0,1,L,4,7,3,artifacts/bargain-index/c6525-100g/storm/100000,i4s0-BargainIndex-50-1760283944,4,0,,parser-bolt,1.0000183265860207,0.007,0.251,0.251,,vwap-calculator-bolt,0.0006701852510065074,0.0,0.0,0.0,,bargain-index-bolt,0.0,0.001,0.333,0.3330000000000001
BargainIndex,storm,Bargain Index,1,c6525-100g,1000000,"10,32,32,32,1",10,32.0,1,L,4,7,3,artifacts/bargain-index/c6525-100g/storm/1000000,i4s0-BargainIndex-72-1760295641,4,0,,parser-bolt,0.9999797753416311,0.008,0.01,0.01,,vwap-calculator-bolt,1.0086105079059935e-06,0.0,0.0,0.0,,bargain-index-bolt,0.0,0.0,0.0,0.0
BargainIndex,storm,Bargain Index,1,c6525-100g,1000000,"10,4,4,4,1",10,4.0,1,XS,1,1,3,artifacts/bargain-index/c6525-100g/storm/1000000,i1s0-BargainIndex-69-1760294426,1,0,,parser-bolt,1.0000036062156734,0.005,0.005,0.005,,vwap-calculator-bolt,0.00018615021768625457,0.0,0.0,0.0,,bargain-index-bolt,0.0,0.001,0.002,0.002
BargainIndex,storm,Bargain Index,1,c6525-100g,1000000,"10,64,64,64,1",10,64.0,1,XXL,6,13,3,artifacts/bargain-index/c6525-100g/storm/1000000,i7s0-BargainIndex-75-1760296856,7,0,,parser-bolt,1.0000434695116507,0.011,0.012,0.012,,vwap-calculator-bolt,0.0005580466196923144,0.001,0.002,0.002,,bargain-index-bolt,0.0,0.0,0.0,0.0
BargainIndex,storm,Bargain Index,1,c6525-100g,1000000,"10,72,72,72,1",10,72.0,1,XXL,6,15,3,artifacts/bargain-index/c6525-100g/storm/1000000,i8s0-BargainIndex-76-1760297262,8,0,,parser-bolt,0.9999601767206682,0.008,0.008,0.008,,vwap-calculator-bolt,0.0007115970986166925,0.0,0.0,0.0,,bargain-index-bolt,0.0,0.001,0.001,0.001
BargainIndex,storm,Bargain Index,1,c6525-100g,1000000,"10,96,96,96,1",10,96.0,1,XXL,6,16,3,artifacts/bargain-index/c6525-100g/storm/1000000,i10s0-BargainIndex-78-1760299112,10,0,,parser-bolt,0.9999298526043677,0.018,0.018,0.018,,vwap-calculator-bolt,0.0003798236840030754,0.0,0.001,0.001,,bargain-index-bolt,0.0,0.0,0.0,0.0
BargainIndex,storm,Bargain Index,1,c6525-100g,1000000,"10,48,48,48,1",10,48.0,1,XL,5,10,3,artifacts/bargain-index/c6525-100g/storm/1000000,i6s0-BargainIndex-74-1760296451,6,0,,parser-bolt,1.000036148031678,0.009,0.012,0.012,,vwap-calculator-bolt,0.00017232102598837705,0.0,0.0,0.0,,bargain-index-bolt,0.0,0.0,0.0,0.0
BargainIndex,storm,Bargain Index,1,c6525-100g,1000000,"10,16,16,16,1",10,16.0,1,M,3,4,3,artifacts/bargain-index/c6525-100g/storm/1000000,i3s0-BargainIndex-71-1760295237,3,0,,parser-bolt,1.0000132537869861,0.006,0.007000000000000001,0.007,,vwap-calculator-bolt,8.379360323094289e-05,0.0,0.001,0.001,,bargain-index-bolt,0.0,0.0,0.0,0.0
BargainIndex,storm,Bargain Index,1,c6525-100g,1000000,"10,40,40,40,1",10,40.0,1,XL,5,8,3,artifacts/bargain-index/c6525-100g/storm/1000000,i5s0-BargainIndex-73-1760296047,5,0,,parser-bolt,1.0001098556803956,0.009,0.01,0.01,,vwap-calculator-bolt,0.0009524478601018785,0.0,0.001,0.001,,bargain-index-bolt,0.0,0.001,0.004,0.004
BargainIndex,storm,Bargain Index,1,c6525-100g,1000000,"10,8,8,8,1",10,8.0,1,S,2,2,3,artifacts/bargain-index/c6525-100g/storm/1000000,i2s0-BargainIndex-70-1760294833,2,0,,parser-bolt,0.9999734206096593,0.006,0.006,0.006,,vwap-calculator-bolt,2.0245442244814634e-06,0.0,0.0,0.001,,bargain-index-bolt,0.0,0.0,0.0,0.0
BargainIndex,storm,Bargain Index,1,c6525-100g,1000000,"10,2,2,2,1",10,2.0,1,XS,1,1,3,artifacts/bargain-index/c6525-100g/storm/1000000,i0s0-BargainIndex-68-1760294022,0,0,,parser-bolt,0.9999864247189578,0.004,0.004,0.004,,vwap-calculator-bolt,0.000292340198878075,0.0,0.0,0.0,,bargain-index-bolt,0.0,0.001,0.002,0.002
BargainIndex,storm,Bargain Index,1,c6525-100g,1000000,"10,80,80,80,1",10,80.0,1,XXL,6,16,3,artifacts/bargain-index/c6525-100g/storm/1000000,i9s0-BargainIndex-77-1760298706,9,0,,parser-bolt,0.9998421278486953,0.014,0.015,0.015,,vwap-calculator-bolt,0.0007816979886829606,0.001,0.002,0.002,,bargain-index-bolt,0.0,0.0,0.006,0.006
Bargain Index,flink,Bargain Index,1,m510,500000,"10,4,4,4,1",10,4.0,1,XS,1,1,3,artifacts/bargain-index/m510/flink/500000,i0s0-cec5b24c4e77e209eaedd869fed974c3,0,0,BargainIndexParser,,0.9999999322141305,41.023750000000014,95.41891666666666,102.94115000000004,BargainIndexVWAP,,0.00019146586217761908,85.98458333333335,156.98212499999994,173.91455000000002,BargainIndexCalc,,0.0,134.76041666666663,218.45925,238.4487166666666
Bargain Index,flink,Bargain Index,1,m510,500000,"10,16,16,16,1",10,16.0,1,M,3,4,3,artifacts/bargain-index/m510/flink/500000,i0s0-b4685d1cad7855295c21efa4c910af59,0,0,BargainIndexParser,,1.000000392449435,39.90114583333332,97.21217708333332,107.73224583333337,BargainIndexVWAP,,0.00019544494406744116,94.45802083333331,169.21828125000002,186.92534583333338,BargainIndexCalc,,0.0,144.8215625,232.4175,254.4711375
Bargain Index,flink,Bargain Index,1,m510,500000,"10,8,8,8,1",10,8.0,1,S,2,2,3,artifacts/bargain-index/m510/flink/500000,i0s0-f6c9f107d025a9ad884f52fe0a726d3f,0,0,BargainIndexParser,,0.9999999061750757,44.15416666666667,102.40074999999999,113.23651666666667,BargainIndexVWAP,,0.00019114325444674298,96.05979166666665,171.7166666666667,189.69220833333335,BargainIndexCalc,,0.0,146.7708333333334,234.4938958333333,256.1528583333333
Bargain Index,flink,Bargain Index,1,m510,500000,"10,2,2,2,1",10,2.0,1,XS,1,1,3,artifacts/bargain-index/m510/flink/500000,i0s0-9f24ea2543bdfecd6437b48df6c6df61,0,0,BargainIndexParser,,0.9999999628276469,83.35416666666666,110.94758333333331,115.01623333333325,BargainIndexVWAP,,0.000244829570329859,110.91583333333332,190.09449999999998,199.21150000000006,BargainIndexCalc,,0.0,161.24833333333325,253.99108333333322,266.4096666666668
Bargain Index,flink,Bargain Index,1,m510,500000,"10,40,40,40,1",10,40.0,1,XL,5,8,3,artifacts/bargain-index/m510/flink/500000,i0s0-45f79f1dbe3d05ffe822c5e78c8f7901,0,0,BargainIndexParser,,1.0,43.25916666666667,94.2823833333333,99.67422166666671,BargainIndexVWAP,,0.00019788156050374822,97.01412500000002,168.71641666666665,183.48499666666672,BargainIndexCalc,,0.0,147.01783333333333,233.42735000000005,253.66884333333346
Bargain Index,flink,Bargain Index,1,m510,500000,"10,32,32,32,1",10,32.0,1,L,4,7,3,artifacts/bargain-index/m510/flink/500000,i0s0-a671d7690afbf486b086d2d9e34a7180,0,0,BargainIndexParser,,0.9999996862218767,41.58442708333334,93.77132812500001,98.82727499999997,BargainIndexVWAP,,0.00019933416072369007,95.22692708333334,166.77802083333336,181.22903125,BargainIndexCalc,,0.0,145.85265625,231.6284583333333,251.65106458333332
Bargain Index,flink,Bargain Index,1,m510,100000,"10,8,8,8,1",10,8.0,1,S,2,2,3,artifacts/bargain-index/m510/flink/100000,i0s0-de67abcf64280a6cce04b39783eecb94,0,0,BargainIndexParser,,1.0000000000000002,46.42166666666667,95.47739583333333,99.56015000000001,BargainIndexVWAP,,0.0007200313572473205,95.12229166666665,166.46745833333327,180.86436666666665,BargainIndexCalc,,0.0,145.02291666666665,229.22931250000002,248.66705
Bargain Index,flink,Bargain Index,1,m510,100000,"10,40,40,40,1",10,40.0,1,XL,5,8,3,artifacts/bargain-index/m510/flink/100000,i0s0-7a9ed0923f431f46f0326954b64496b4,0,0,BargainIndexParser,,0.9999985228803377,49.196083333333334,95.73150416666667,99.18109,BargainIndexVWAP,,0.000798601203356064,101.05516666666668,170.65055,182.88691166666666,BargainIndexCalc,,0.0,151.37858333333332,235.9662958333334,254.59053333333335
Bargain Index,flink,Bargain Index,1,m510,100000,"10,32,32,32,1",10,32.0,1,L,4,7,3,artifacts/bargain-index/m510/flink/100000,i0s0-8779956ed88e8a909cb22fb19a8b3889,0,0,BargainIndexParser,,0.9999997397111192,48.65895833333334,95.58670833333332,99.12423958333332,BargainIndexVWAP,,0.0008054319572602614,99.76338541666668,169.84842708333335,182.6783270833334,BargainIndexCalc,,0.0,150.23447916666674,234.149296875,252.93827499999995
Bargain Index,flink,Bargain Index,1,m510,100000,"10,4,4,4,1",10,4.0,1,XS,1,1,3,artifacts/bargain-index/m510/flink/100000,i0s0-921c042db89779b774e84da6338bb3ad,0,0,BargainIndexParser,,0.9999994001328137,47.827916666666674,97.54791666666665,102.0418,BargainIndexVWAP,,0.0005745512341788987,96.06124999999996,167.65279166666664,181.82216666666667,BargainIndexCalc,,0.0,147.5033333333333,229.6695833333332,247.7081333333334
Bargain Index,flink,Bargain Index,1,m510,100000,"10,16,16,16,1",10,16.0,1,M,3,4,3,artifacts/bargain-index/m510/flink/100000,i0s0-43296e026587c6d707aa699ab19aae1f,0,0,BargainIndexParser,,0.9999990179209909,47.04895833333333,95.18365624999998,98.93455833333334,BargainIndexVWAP,,0.0007724960072154816,99.0453125,169.1952395833333,181.7163958333333,BargainIndexCalc,,0.0,149.08072916666663,233.31462499999995,251.69743749999998
Bargain Index,flink,Bargain Index,1,m510,100000,"10,2,2,2,1",10,2.0,1,XS,1,1,3,artifacts/bargain-index/m510/flink/100000,i0s0-8ff3e39d5d715ef83d86d0bdd9fe1f65,0,0,BargainIndexParser,,1.0,42.68416666666667,94.78549999999998,99.34876666666663,BargainIndexVWAP,,0.0006020657673376353,76.90583333333335,140.7330833333333,151.9426333333333,BargainIndexCalc,,0.0,124.23500000000014,198.98624999999993,215.05710000000005
Bargain Index,flink,Bargain Index,1,m510,1000000,"10,40,40,40,1",10,40.0,1,XL,5,8,3,artifacts/bargain-index/m510/flink/1000000,i0s0-9c28990534177fd82c194da28276f2ce,0,0,BargainIndexParser,,0.9999996116395335,476.9103333333333,616.5501125000002,645.7954583333334,BargainIndexVWAP,,0.00015901104283237371,427.5685833333333,1004.8752541666665,1080.7316250000001,BargainIndexCalc,,0.0,478.8438333333333,1059.7254874999996,1138.9549166666666
Bargain Index,flink,Bargain Index,1,m510,1000000,"10,4,4,4,1",10,4.0,1,XS,1,1,3,artifacts/bargain-index/m510/flink/1000000,i0s0-9f0a194dda5c8e2cd1fc6c695b542fef,0,0,BargainIndexParser,,0.9999997197699626,72.685,108.93908333333333,114.81905,BargainIndexVWAP,,0.00015988701350309455,107.61916666666666,224.09745833333324,242.73503333333338,BargainIndexCalc,,0.0,158.9683333333334,284.37170833333334,305.50518333333343
Bargain Index,flink,Bargain Index,1,m510,1000000,"10,8,8,8,1",10,8.0,1,S,2,2,3,artifacts/bargain-index/m510/flink/1000000,i0s0-9718a5a673cbbe5f6388bd042214cfea,0,0,BargainIndexParser,,0.9999997238181734,89.31979166666666,149.34583333333336,159.37435,BargainIndexVWAP,,0.0001425247472019845,120.28312499999998,316.23914583333334,350.8129416666667,BargainIndexCalc,,0.0,173.43083333333328,373.0461041666667,410.49210000000005
Bargain Index,flink,Bargain Index,1,m510,1000000,"10,16,16,16,1",10,16.0,1,M,3,4,3,artifacts/bargain-index/m510/flink/1000000,i0s0-8aa90131d39aad975c0139d7e603461a,0,0,BargainIndexParser,,1.0000002170807845,162.76895833333336,225.4916041666666,238.49988333333332,BargainIndexVWAP,,0.00015272850968574736,144.6190625,542.9185416666666,578.4067375000001,BargainIndexCalc,,0.0,196.33354166666672,599.8952291666667,639.1203125000001
Bargain Index,flink,Bargain Index,1,m510,1000000,"10,2,2,2,1",10,2.0,1,XS,1,1,3,artifacts/bargain-index/m510/flink/1000000,i0s0-3f8d6a148fbd55a52fa98b5a7b340f8f,0,0,BargainIndexParser,,1.0000000529146154,85.46166666666667,117.73400000000001,122.22296666666671,BargainIndexVWAP,,0.00025920516408393083,111.98916666666665,194.64475000000004,204.2210333333333,BargainIndexCalc,,0.0,157.70666666666665,252.17424999999992,266.37090000000006
Bargain Index,flink,Bargain Index,1,m510,1000000,"10,32,32,32,1",10,32.0,1,L,4,7,3,artifacts/bargain-index/m510/flink/1000000,i0s0-02e096f103ec7c1af88492e2e3448187,0,0,BargainIndexParser,,1.0000518664123186,368.17890624999995,508.12178645833325,533.9315791666667,BargainIndexVWAP,,0.00015590713264698706,396.8040625000001,734.0009739583334,792.5745437500001,BargainIndexCalc,,0.0,447.78213541666673,790.4335312500001,851.4376
BargainIndex,storm,Bargain Index,1,m510,500000,"10,2,2,2,1",10,2.0,1,XS,1,1,3,artifacts/bargain-index/m510/storm/500000,i0s0-BargainIndex-8-1758058998,0,0,,parser-bolt,0.9999683578449288,0.012,0.013,0.013,,vwap-calculator-bolt,0.0007135851264893831,0.001,0.001,0.001,,bargain-index-bolt,0.0,0.002,0.003,0.003
BargainIndex,storm,Bargain Index,1,m510,500000,"10,40,40,40,1",10,40.0,1,XL,5,8,3,artifacts/bargain-index/m510/storm/500000,i0s0-BargainIndex-13-1758061985,0,0,,parser-bolt,0.9999415892614751,0.035,0.833,0.833,,vwap-calculator-bolt,4.2626764395085486e-05,0.0,0.003,0.003,,bargain-index-bolt,0.0,0.0,0.007,0.007
BargainIndex,storm,Bargain Index,1,m510,500000,"10,4,4,4,1",10,4.0,1,XS,1,1,3,artifacts/bargain-index/m510/storm/500000,i0s0-BargainIndex-9-1758059603,0,0,,parser-bolt,0.9999924404672256,0.014,0.018,0.018,,vwap-calculator-bolt,0.00042620676945162497,0.001,0.001,0.001,,bargain-index-bolt,0.0,0.002,0.006,0.006
BargainIndex,storm,Bargain Index,1,m510,500000,"10,32,32,32,1",10,32.0,1,L,4,7,3,artifacts/bargain-index/m510/storm/500000,i0s0-BargainIndex-12-1758061376,0,0,,parser-bolt,1.0000742752133303,0.03,0.137,0.137,,vwap-calculator-bolt,5.305875268037142e-05,0.002,0.002,0.002,,bargain-index-bolt,0.0,0.0,0.0,0.0
BargainIndex,storm,Bargain Index,1,m510,500000,"10,8,8,8,1",10,8.0,1,S,2,2,3,artifacts/bargain-index/m510/storm/500000,i0s0-BargainIndex-10-1758060232,0,0,,parser-bolt,1.0000377303542938,0.017,0.021,0.021,,vwap-calculator-bolt,0.00022957769698700892,0.001,0.001,0.001,,bargain-index-bolt,0.0,0.0,0.001,0.001
BargainIndex,storm,Bargain Index,1,m510,500000,"10,16,16,16,1",10,16.0,1,M,3,4,3,artifacts/bargain-index/m510/storm/500000,i0s0-BargainIndex-11-1758060839,0,0,,parser-bolt,1.0000261662323295,0.021,0.035,0.035,,vwap-calculator-bolt,0.0001329798129927725,0.001,0.001,0.001,,bargain-index-bolt,0.0,0.0,0.0,0.0
BargainIndex,storm,Bargain Index,1,m510,100000,"10,4,4,4,1",10,4.0,1,XS,1,1,3,artifacts/bargain-index/m510/storm/100000,i0s0-BargainIndex-3-1758055785,0,0,,parser-bolt,1.0000434012592565,0.023,0.026,0.026,,vwap-calculator-bolt,0.000987600957840068,0.001,0.001,0.001,,bargain-index-bolt,0.0,0.0,0.002,0.002
BargainIndex,storm,Bargain Index,1,m510,100000,"10,32,32,32,1",10,32.0,1,L,4,7,3,artifacts/bargain-index/m510/storm/100000,i0s0-BargainIndex-6-1758057990,0,0,,parser-bolt,1.0000991158239199,0.035,0.142,0.142,,vwap-calculator-bolt,0.0007216059087776856,0.001,0.002,0.002,,bargain-index-bolt,0.0,0.0,0.008,0.008
BargainIndex,storm,Bargain Index,1,m510,100000,"10,2,2,2,1",10,2.0,1,XS,1,1,3,artifacts/bargain-index/m510/storm/100000,i0s0-BargainIndex-2-1758055287,0,0,,parser-bolt,1.0000410360052476,0.014,0.017,0.017,,vwap-calculator-bolt,0.0009439987030204098,0.001,0.001,0.001,,bargain-index-bolt,0.0,0.004,0.008,0.008
BargainIndex,storm,Bargain Index,1,m510,100000,"10,16,16,16,1",10,16.0,1,M,3,4,3,artifacts/bargain-index/m510/storm/100000,i0s0-BargainIndex-5-1758057078,0,0,,parser-bolt,0.9999368600163517,0.036,0.051,0.051,,vwap-calculator-bolt,0.0007387832152877889,0.001,0.001,0.001,,bargain-index-bolt,0.0,0.001,0.003,0.003
BargainIndex,storm,Bargain Index,1,m510,100000,"10,8,8,8,1",10,8.0,1,S,2,2,3,artifacts/bargain-index/m510/storm/100000,i0s0-BargainIndex-4-1758056573,0,0,,parser-bolt,0.9999897555724119,0.03,0.038,0.038,,vwap-calculator-bolt,0.0008126128875436025,0.001,0.001,0.001,,bargain-index-bolt,0.0,0.002,0.004,0.004
BargainIndex,storm,Bargain Index,1,m510,100000,"10,40,40,40,1",10,40.0,1,XL,5,8,3,artifacts/bargain-index/m510/storm/100000,i0s0-BargainIndex-7-1758058485,0,0,,parser-bolt,0.9995404908787164,0.035,0.208,0.208,,vwap-calculator-bolt,0.0007475672480956534,0.001,0.002,0.002,,bargain-index-bolt,0.0,0.0,0.001,0.001
BargainIndex,storm,Bargain Index,1,m510,1000000,"10,32,32,32,1",10,32.0,1,L,4,7,3,artifacts/bargain-index/m510/storm/1000000,i0s0-BargainIndex-18-1758064717,0,0,,parser-bolt,0.999968164870598,0.03,0.145,0.145,,vwap-calculator-bolt,5.8378707445443165e-05,0.001,0.003,0.003,,bargain-index-bolt,0.0,0.02,0.02,0.02
BargainIndex,storm,Bargain Index,1,m510,1000000,"10,8,8,8,1",10,8.0,1,S,2,2,3,artifacts/bargain-index/m510/storm/1000000,i0s0-BargainIndex-16-1758063635,0,0,,parser-bolt,0.9999895676018029,0.018,0.024,0.024,,vwap-calculator-bolt,0.00019957027239627664,0.001,0.001,0.001,,bargain-index-bolt,0.0,0.0,0.001,0.001
BargainIndex,storm,Bargain Index,1,m510,1000000,"10,2,2,2,1",10,2.0,1,XS,1,1,3,artifacts/bargain-index/m510/storm/1000000,i0s0-BargainIndex-14-1758062627,0,0,,parser-bolt,0.9999694627126726,0.012,0.015,0.015,,vwap-calculator-bolt,0.0007280611870288801,0.001,0.001,0.001,,bargain-index-bolt,0.0,0.001,0.002,0.002
BargainIndex,storm,Bargain Index,1,m510,1000000,"10,16,16,16,1",10,16.0,1,M,3,4,3,artifacts/bargain-index/m510/storm/1000000,i0s0-BargainIndex-17-1758064133,0,0,,parser-bolt,1.0000209630712593,0.022,0.041,0.041,,vwap-calculator-bolt,0.00013966772950064002,0.001,0.001,0.001,,bargain-index-bolt,0.0,0.0,0.003,0.003
BargainIndex,storm,Bargain Index,1,m510,1000000,"10,4,4,4,1",10,4.0,1,XS,1,1,3,artifacts/bargain-index/m510/storm/1000000,i0s0-BargainIndex-15-1758063142,0,0,,parser-bolt,0.9999950462867347,0.014,0.017,0.017,,vwap-calculator-bolt,0.00041035275031996036,0.001,0.001,0.001,,bargain-index-bolt,0.0,0.001,0.004,0.004
BargainIndex,storm,Bargain Index,1,m510,1000000,"10,40,40,40,1",10,40.0,1,XL,5,8,3,artifacts/bargain-index/m510/storm/1000000,i0s0-BargainIndex-19-1758065230,0,0,,parser-bolt,1.0000353893196174,0.034,0.218,0.218,,vwap-calculator-bolt,8.867412997766627e-05,0.001,0.002,0.002,,bargain-index-bolt,0.0,0.0,0.005,0.005
Bargain Index,flink,Bargain Index,1,c6525-25g,500000,"10,2,2,2,1",10,2.0,1,XS,1,1,3,artifacts/bargain-index/c6525-25g/flink/500000,i0s0-df6ac139d6191a49256283eaa8533ce8,0,0,BargainIndexParser,,0.9999997289556636,38.61583333333331,93.11450000000002,97.33196666666664,BargainIndexVWAP,,0.000171085757375941,56.58749999999999,119.46074999999998,135.35166666666672,BargainIndexCalc,,0.0,126.39833333333338,204.47774999999996,221.8979666666667
Bargain Index,flink,Bargain Index,1,c6525-25g,500000,"10,48,48,48,1",10,48.0,1,XL,5,10,3,artifacts/bargain-index/c6525-25g/flink/500000,i0s0-c04e028242fe9d71c110051bbc20d527,0,0,BargainIndexParser,,0.9999999999999998,43.66892361111112,94.08605902777776,97.8786486111111,BargainIndexVWAP,,0.000179278012597799,95.88979166666668,166.21664236111118,179.2588416666667,BargainIndexCalc,,0.0,145.74076388888884,229.2060763888889,246.48562638888896
Bargain Index,flink,Bargain Index,1,c6525-25g,500000,"10,80,80,80,1",10,80.0,1,XXL,6,16,3,artifacts/bargain-index/c6525-25g/flink/500000,i0s0-d1d6a1bbd43942a47b373995f66e3f93,0,0,BargainIndexParser,,1.000349479187709,45.60510416666667,94.4393833333333,98.00840999999997,BargainIndexVWAP,,0.00016737315731649884,97.42654166666668,168.85420624999995,181.2444583333334,BargainIndexCalc,,0.0,153.6137083333333,236.63964166666668,253.57499
Bargain Index,flink,Bargain Index,1,c6525-25g,500000,"10,72,72,72,1",10,72.0,1,XXL,6,15,3,artifacts/bargain-index/c6525-25g/flink/500000,i0s0-4b2614dd9c9a0934f11a5a1ec2d44287,0,0,BargainIndexParser,,0.9999998695104556,44.932916666666664,94.24750925925926,97.9403425925926,BargainIndexVWAP,,0.00017586498216234727,96.45817129629631,168.1075625,180.81529907407412,BargainIndexCalc,,0.0,152.6675462962963,232.8789236111111,249.48688981481482
Bargain Index,flink,Bargain Index,1,c6525-25g,500000,"10,32,32,32,1",10,32.0,1,L,4,7,3,artifacts/bargain-index/c6525-25g/flink/500000,i0s0-97fc902c421d0d8e4288b220c59bead4,0,0,BargainIndexParser,,0.9999995349769213,42.42692708333335,98.205375,102.69602916666669,BargainIndexVWAP,,0.00014381254065704187,96.13744791666666,173.8836354166667,189.7390479166667,BargainIndexCalc,,0.0,150.36677083333333,237.59445312499994,256.42678958333335
Bargain Index,flink,Bargain Index,1,c6525-25g,500000,"10,40,40,40,1",10,40.0,1,XL,5,8,3,artifacts/bargain-index/c6525-25g/flink/500000,i0s0-6827a309b3f56619e131404483220f6b,0,0,BargainIndexParser,,1.0,43.03641666666666,93.88063749999998,97.74228166666666,BargainIndexVWAP,,0.00014870484112472986,96.97254166666667,167.6511833333334,180.235985,BargainIndexCalc,,0.0,154.50675,231.94789166666672,244.89501500000003
Bargain Index,flink,Bargain Index,1,c6525-25g,500000,"10,64,64,64,1",10,64.0,1,XXL,6,13,3,artifacts/bargain-index/c6525-25g/flink/500000,i0s0-e5a931c7599d8458252573f86cfc96c2,0,0,BargainIndexParser,,1.0000004468602188,44.56554687499999,94.18441927083332,97.8857583333333,BargainIndexVWAP,,0.00013089636209692393,97.63799479166666,168.08623697916664,180.6297625,BargainIndexCalc,,0.0,152.949921875,235.87804687499994,252.97892291666673
Bargain Index,flink,Bargain Index,1,c6525-25g,500000,"10,8,8,8,1",10,8.0,1,S,2,2,3,artifacts/bargain-index/c6525-25g/flink/500000,i0s0-1aef016ede1b117626aa18636f926508,0,0,BargainIndexParser,,1.0000000000000002,39.53041666666667,95.47818749999999,100.82575000000003,BargainIndexVWAP,,0.00014018312203395222,85.16458333333333,164.24520833333332,180.64021666666667,BargainIndexCalc,,0.0,135.92895833333336,227.71264583333334,246.96596666666682
Bargain Index,flink,Bargain Index,1,c6525-25g,500000,"10,16,16,16,1",10,16.0,1,M,3,4,3,artifacts/bargain-index/c6525-25g/flink/500000,i0s0-e6d7987f7c43eed7c00e83e5705b4275,0,0,BargainIndexParser,,1.0000000673664295,40.38593750000001,96.35674999999998,101.00700833333335,BargainIndexVWAP,,0.0001448730684346361,100.50677083333333,185.5878125,194.91120833333335,BargainIndexCalc,,0.0,162.186875,251.5709999999999,261.75000833333337
Bargain Index,flink,Bargain Index,1,c6525-25g,500000,"10,4,4,4,1",10,4.0,1,XS,1,1,3,artifacts/bargain-index/c6525-25g/flink/500000,i0s0-ee5598e8f207d0cc9d69f23bcb861c4f,0,0,BargainIndexParser,,0.9999999137749264,37.918750000000024,92.91804166666665,97.43908333333334,BargainIndexVWAP,,0.00015291409604036607,80.74166666666665,150.09716666666677,165.64923333333334,BargainIndexCalc,,0.0,132.99333333333337,215.9994166666667,233.21403333333336
Bargain Index,flink,Bargain Index,1,c6525-25g,100000,"10,16,16,16,1",10,16.0,1,M,3,4,3,artifacts/bargain-index/c6525-25g/flink/100000,i0s0-6a2921e0c40fddd6b653366cfe7af2b5,0,0,BargainIndexParser,,1.0000000000000004,46.895937499999995,94.64837499999999,97.99938749999998,BargainIndexVWAP,,0.0006042337338014767,93.96083333333334,168.6272395833333,181.8018,BargainIndexCalc,,0.0,151.5154166666666,238.748,256.5596375
Bargain Index,flink,Bargain Index,1,c6525-25g,100000,"10,80,80,80,1",10,80.0,1,XXL,6,16,3,artifacts/bargain-index/c6525-25g/flink/100000,i0s0-dc0976557bb40525a738cc91aca8d9ea,0,0,BargainIndexParser,,1.0,49.29347916666664,95.18765833333333,98.33251833333335,BargainIndexVWAP,,0.0006875570968193916,98.14208333333336,168.4367041666667,181.18780166666673,BargainIndexCalc,,0.0,152.25629166666667,235.9296854166667,253.85612250000003
Bargain Index,flink,Bargain Index,1,c6525-25g,100000,"10,72,72,72,1",10,72.0,1,XXL,6,15,3,artifacts/bargain-index/c6525-25g/flink/100000,i0s0-f4c0daa2c1618e6aff5d11ae4d7365d3,0,0,BargainIndexParser,,1.0,49.103078703703694,95.13579629629629,98.25451111111113,BargainIndexVWAP,,0.000764328880990521,100.61569444444446,171.06921990740744,182.52613148148149,BargainIndexCalc,,0.0,150.76743055555556,232.7793472222222,249.19887870370366
Bargain Index,flink,Bargain Index,1,c6525-25g,100000,"10,48,48,48,1",10,48.0,1,XL,5,10,3,artifacts/bargain-index/c6525-25g/flink/100000,i0s0-53fce71c78f9392e5422aeb82b579b94,0,0,BargainIndexParser,,1.0,48.40288194444444,94.81735416666669,98.03334722222222,BargainIndexVWAP,,0.0005525999158603281,101.03531249999999,169.41394444444447,180.94912916666667,BargainIndexCalc,,0.0,150.90940972222222,229.68925,246.90724027777782
Bargain Index,flink,Bargain Index,1,c6525-25g,100000,"10,40,40,40,1",10,40.0,1,XL,5,8,3,artifacts/bargain-index/c6525-25g/flink/100000,i0s0-82c3ef27a1dda4bdceac8c955383b745,0,0,BargainIndexParser,,1.0,48.21308333333333,94.80277916666667,98.01450166666667,BargainIndexVWAP,,0.000622298676334701,104.32908333333332,172.00475833333334,182.563115,BargainIndexCalc,,0.0,159.39249999999996,233.95119999999997,248.84841166666672
Bargain Index,flink,Bargain Index,1,c6525-25g,100000,"10,2,2,2,1",10,2.0,1,XS,1,1,3,artifacts/bargain-index/c6525-25g/flink/100000,i0s0-2b4fa6cca52ffc1a6262c3e6fd483923,0,0,BargainIndexParser,,0.9999992459552614,48.422499999999985,95.05741666666665,97.98520000000002,BargainIndexVWAP,,0.0003654149221271655,71.07833333333335,120.32525000000001,131.76436666666666,BargainIndexCalc,,0.0,142.32166666666654,191.66300000000007,202.51889999999992
Bargain Index,flink,Bargain Index,1,c6525-25g,100000,"10,4,4,4,1",10,4.0,1,XS,1,1,3,artifacts/bargain-index/c6525-25g/flink/100000,i0s0-83207c0d1f3c4764f27cb62ad90d1811,0,0,BargainIndexParser,,1.0000000000000002,44.94291666666666,94.32916666666667,97.80471666666666,BargainIndexVWAP,,0.00033595478090438203,78.12583333333332,160.5452500000001,175.4214166666666,BargainIndexCalc,,0.0,145.5583333333333,239.21508333333335,252.65078333333338
Bargain Index,flink,Bargain Index,1,c6525-25g,100000,"10,8,8,8,1",10,8.0,1,S,2,2,3,artifacts/bargain-index/c6525-25g/flink/100000,i0s0-11dec437ecf83971141cdcd4603ae42b,0,0,BargainIndexParser,,1.0000000000000002,46.80624999999999,94.64716666666668,97.99239166666668,BargainIndexVWAP,,0.0003635511627711169,86.89958333333335,159.65895833333335,174.21448333333336,BargainIndexCalc,,0.0,136.89166666666665,215.16835416666663,231.89999166666666
Bargain Index,flink,Bargain Index,1,c6525-25g,100000,"10,64,64,64,1",10,64.0,1,XXL,6,13,3,artifacts/bargain-index/c6525-25g/flink/100000,i0s0-a8140db14a317f420326c554587fd996,0,0,BargainIndexParser,,1.0000000000000002,48.837604166666665,94.93372916666667,98.11126145833335,BargainIndexVWAP,,0.0006606738620878103,101.89197916666666,171.41465364583337,182.83240104166666,BargainIndexCalc,,0.0,155.84968750000002,236.159453125,251.97370416666672
Bargain Index,flink,Bargain Index,1,c6525-25g,100000,"10,32,32,32,1",10,32.0,1,L,4,7,3,artifacts/bargain-index/c6525-25g/flink/100000,i0s0-57e5ffd9737f2f1845f24872667475e9,0,0,BargainIndexParser,,1.000000067306026,48.06109375,94.91168229166666,98.15295624999999,BargainIndexVWAP,,0.0007165187879126631,100.31598958333335,168.930375,181.5609041666667,BargainIndexCalc,,0.0,148.82348958333333,227.3505885416667,244.5050208333334
Bargain Index,flink,Bargain Index,1,c6525-25g,1000000,"10,2,2,2,1",10,2.0,1,XS,1,1,3,artifacts/bargain-index/c6525-25g/flink/1000000,i0s0-9592949e97449b47ada2fc6d4a38c5ec,0,0,BargainIndexParser,,0.9999999099343226,50.84333333333333,63.80791666666666,65.76893333333334,BargainIndexVWAP,,0.0001547870657657876,70.83583333333335,146.1022499999999,153.84336666666667,BargainIndexCalc,,0.0,121.74666666666658,200.48383333333334,212.28559999999993
Bargain Index,flink,Bargain Index,1,c6525-25g,1000000,"10,64,64,64,1",10,64.0,1,XXL,6,13,3,artifacts/bargain-index/c6525-25g/flink/1000000,i0s0-46c494a71173306bbe00f0fd833ab743,0,0,BargainIndexParser,,0.9999999241470606,39.25572916666667,92.55994531249998,97.16935312499996,BargainIndexVWAP,,9.84737226392584e-05,93.86783854166666,165.9363906250001,179.22338749999997,BargainIndexCalc,,0.0,154.86966145833335,234.5278046875,249.91730520833332
Bargain Index,flink,Bargain Index,1,c6525-25g,1000000,"10,16,16,16,1",10,16.0,1,M,3,4,3,artifacts/bargain-index/c6525-25g/flink/1000000,i0s0-2ca5fbe7de64b1f75ba0cfb835ac098e,0,0,BargainIndexParser,,1.000000211541,36.0184375,93.21121875000001,100.74037083333333,BargainIndexVWAP,,9.855777829616363e-05,88.25354166666665,162.55821875,178.45876250000003,BargainIndexCalc,,0.0,143.47968749999998,227.7106458333333,247.06282083333335
Bargain Index,flink,Bargain Index,1,c6525-25g,1000000,"10,80,80,80,1",10,80.0,1,XXL,6,16,3,artifacts/bargain-index/c6525-25g/flink/1000000,i0s0-d021a252ee95deb7bca5009144ab389a,0,0,BargainIndexParser,,0.9999998878973921,42.656270833333345,95.08105416666666,101.98959500000001,BargainIndexVWAP,,9.721677529036758e-05,97.53847916666672,170.10093541666663,184.41849166666665,BargainIndexCalc,,0.0,149.66033333333334,235.73789791666672,255.1467583333334
Bargain Index,flink,Bargain Index,1,c6525-25g,1000000,"10,72,72,72,1",10,72.0,1,XXL,6,15,3,artifacts/bargain-index/c6525-25g/flink/1000000,i0s0-8e47c1dc0d4417bf6c8ce594d5cd7c5e,0,0,BargainIndexParser,,1.000000998218896,444.9456944444444,612.9280555555557,648.8916157407403,BargainIndexVWAP,,0.0001015867024709688,491.9983796296294,694.5811805555556,743.7944611111111,BargainIndexCalc,,0.0,543.015625,749.8003564814813,799.8294268518517
Bargain Index,flink,Bargain Index,1,c6525-25g,1000000,"10,8,8,8,1",10,8.0,1,S,2,2,3,artifacts/bargain-index/c6525-25g/flink/1000000,i0s0-e8592f1cf2a81295594d0f6af1e542fa,0,0,BargainIndexParser,,0.9999999379325804,35.118750000000006,90.98404166666666,97.62322499999998,BargainIndexVWAP,,9.885924939952735e-05,81.63166666666665,154.0425,170.4036666666667,BargainIndexCalc,,0.0,134.35770833333333,219.96693750000003,238.578325
Bargain Index,flink,Bargain Index,1,c6525-25g,1000000,"10,4,4,4,1",10,4.0,1,XS,1,1,3,artifacts/bargain-index/c6525-25g/flink/1000000,i0s0-ea3e708b0fe0058814c3cdc59cd62afd,0,0,BargainIndexParser,,1.0000000608580857,37.36333333333333,87.17395833333333,95.77638333333333,BargainIndexVWAP,,9.885200760153723e-05,81.01000000000003,141.04524999999995,157.0938666666667,BargainIndexCalc,,0.0,131.2820833333333,207.36416666666673,224.74568333333332
Bargain Index,flink,Bargain Index,1,c6525-25g,1000000,"10,48,48,48,1",10,48.0,1,XL,5,10,3,artifacts/bargain-index/c6525-25g/flink/1000000,i0s0-2d000e5d0a6f3947aafb991d1364a0b0,0,0,BargainIndexParser,,1.000000161550329,37.088125,91.69651388888889,96.68731388888885,BargainIndexVWAP,,9.93093844874216e-05,89.24204861111112,160.55858333333333,175.19200833333335,BargainIndexCalc,,0.0,140.91010416666668,222.9642569444444,241.1780444444445
Bargain Index,flink,Bargain Index,1,c6525-25g,1000000,"10,32,32,32,1",10,32.0,1,L,4,7,3,artifacts/bargain-index/c6525-25g/flink/1000000,i0s0-a03e48e844fc5a8ff1551f5dcf93562d,0,0,BargainIndexParser,,0.9999999954292684,317.19562500000006,400.83077083333336,417.1528479166667,BargainIndexVWAP,,0.00010259703391716749,366.3988020833333,470.3109791666667,493.72507916666666,BargainIndexCalc,,0.0,416.02567708333333,529.2451249999999,555.605325
Bargain Index,flink,Bargain Index,1,c6525-25g,1000000,"10,40,40,40,1",10,40.0,1,XL,5,8,3,artifacts/bargain-index/c6525-25g/flink/1000000,i0s0-98b388b0ab229aba6228f7b9690d9aa3,0,0,BargainIndexParser,,1.0000001390604898,36.33362499999999,91.80275833333336,96.85353666666666,BargainIndexVWAP,,9.661931414871692e-05,90.77991666666667,161.2844875,176.0887483333333,BargainIndexCalc,,0.0,136.34408333333332,216.80014166666663,237.39102833333337
BargainIndex,storm,Bargain Index,1,c6525-25g,500000,"10,4,4,4,1",10,4.0,1,XS,1,1,3,artifacts/bargain-index/c6525-25g/storm/500000,i0s0-BargainIndex-21-1759311442,0,0,,parser-bolt,0.999990836037003,0.005,0.006,0.006,,vwap-calculator-bolt,0.0001970989737751825,0.0,0.0,0.0,,bargain-index-bolt,0.0,0.001,0.002,0.002
BargainIndex,storm,Bargain Index,1,c6525-25g,500000,"10,72,72,72,1",10,72.0,1,XXL,6,15,3,artifacts/bargain-index/c6525-25g/storm/500000,i0s0-BargainIndex-28-1759315260,0,0,,parser-bolt,0.9998580016365816,0.017,0.021,0.021,,vwap-calculator-bolt,3.9744760938251284e-05,0.001,0.003,0.003,,bargain-index-bolt,0.0,0.0,0.0,0.0
BargainIndex,storm,Bargain Index,1,c6525-25g,500000,"10,2,2,2,1",10,2.0,1,XS,1,1,3,artifacts/bargain-index/c6525-25g/storm/500000,i0s0-BargainIndex-20-1759310960,0,0,,parser-bolt,0.9999883620991131,0.005,0.005,0.005,,vwap-calculator-bolt,0.00030971634952571526,0.0,0.0,0.0,,bargain-index-bolt,0.0,0.0,0.001,0.001
BargainIndex,storm,Bargain Index,1,c6525-25g,500000,"10,80,80,80,1",10,80.0,1,XXL,6,16,3,artifacts/bargain-index/c6525-25g/storm/500000,i0s0-BargainIndex-29-1759315817,0,0,,parser-bolt,1.000107077961117,0.013,0.018,0.018,,vwap-calculator-bolt,7.633046289435945e-05,0.001,0.001,0.001,,bargain-index-bolt,0.0,0.004,0.004,0.004
BargainIndex,storm,Bargain Index,1,c6525-25g,500000,"10,16,16,16,1",10,16.0,1,M,3,4,3,artifacts/bargain-index/c6525-25g/storm/500000,i0s0-BargainIndex-23-1759312437,0,0,,parser-bolt,1.0000145478656253,0.008,0.009,0.009,,vwap-calculator-bolt,,0.0,0.001,0.001,,bargain-index-bolt,0.0,0.0,0.0,0.0
BargainIndex,storm,Bargain Index,1,c6525-25g,500000,"10,8,8,8,1",10,8.0,1,S,2,2,3,artifacts/bargain-index/c6525-25g/storm/500000,i0s0-BargainIndex-22-1759311949,0,0,,parser-bolt,1.0000122246182632,0.006,0.007,0.007,,vwap-calculator-bolt,0.00016350968828598148,0.0,0.0,0.0,,bargain-index-bolt,0.0,0.001,0.003,0.003
BargainIndex,storm,Bargain Index,1,c6525-25g,500000,"10,32,32,32,1",10,32.0,1,L,4,7,3,artifacts/bargain-index/c6525-25g/storm/500000,i0s0-BargainIndex-24-1759313026,0,0,,parser-bolt,0.9999956908534889,0.011,0.012,0.012,,vwap-calculator-bolt,6.0771121563033245e-05,0.001,0.002,0.002,,bargain-index-bolt,0.0,0.0,0.0,0.0
BargainIndex,storm,Bargain Index,1,c6525-25g,500000,"10,40,40,40,1",10,40.0,1,XL,5,8,3,artifacts/bargain-index/c6525-25g/storm/500000,i0s0-BargainIndex-25-1759313610,0,0,,parser-bolt,0.999977975148626,0.012,0.014,0.014,,vwap-calculator-bolt,,0.001,0.002,0.002,,bargain-index-bolt,0.0,0.011,0.011,0.011
BargainIndex,storm,Bargain Index,1,c6525-25g,500000,"10,48,48,48,1",10,48.0,1,XL,5,10,3,artifacts/bargain-index/c6525-25g/storm/500000,i0s0-BargainIndex-26-1759314277,0,0,,parser-bolt,1.0000400003597667,0.014,0.017,0.017,,vwap-calculator-bolt,0.0005680679235282726,0.001,0.001,0.001,,bargain-index-bolt,0.0,0.0,0.002,0.002
BargainIndex,storm,Bargain Index,1,c6525-25g,500000,"10,64,64,64,1",10,64.0,1,XXL,6,13,3,artifacts/bargain-index/c6525-25g/storm/500000,i0s0-BargainIndex-27-1759314776,0,0,,parser-bolt,1.0000720060636685,0.015,0.02,0.02,,vwap-calculator-bolt,0.00022495872999769528,0.001,0.004,0.004,,bargain-index-bolt,0.0,0.015,0.015,0.015
BargainIndex,storm,Bargain Index,1,c6525-25g,100000,"10,16,16,16,1",10,16.0,1,M,3,4,3,artifacts/bargain-index/c6525-25g/storm/100000,i0s0-BargainIndex-13-1759306688,0,0,,parser-bolt,0.9999603528738399,0.007,0.009,0.009,,vwap-calculator-bolt,0.0004466110411051711,0.0,0.0,0.0,,bargain-index-bolt,0.0,0.003,0.004,0.004
BargainIndex,storm,Bargain Index,1,c6525-25g,100000,"10,32,32,32,1",10,32.0,1,L,4,7,3,artifacts/bargain-index/c6525-25g/storm/100000,i0s0-BargainIndex-14-1759307596,0,0,,parser-bolt,0.9998760775416945,0.008,0.011,0.011,,vwap-calculator-bolt,0.0005015998129846587,0.0,0.0,0.0,,bargain-index-bolt,0.0,0.004,0.008,0.008
BargainIndex,storm,Bargain Index,1,c6525-25g,100000,"10,2,2,2,1",10,2.0,1,XS,1,1,3,artifacts/bargain-index/c6525-25g/storm/100000,i0s0-BargainIndex-10-1759303606,0,0,,parser-bolt,1.0000419832755854,0.005,0.005,0.005,,vwap-calculator-bolt,0.00060053010332133,0.0,0.0,0.0,,bargain-index-bolt,0.0,0.0,0.001,0.001
BargainIndex,storm,Bargain Index,1,c6525-25g,100000,"10,8,8,8,1",10,8.0,1,S,2,2,3,artifacts/bargain-index/c6525-25g/storm/100000,i0s0-BargainIndex-12-1759305477,0,0,,parser-bolt,1.0000053542248046,0.006,0.007,0.007,,vwap-calculator-bolt,0.0006193430889102206,0.0,0.0,0.0,,bargain-index-bolt,0.0,0.002,0.003,0.003
BargainIndex,storm,Bargain Index,1,c6525-25g,100000,"10,64,64,64,1",10,64.0,1,XXL,6,13,3,artifacts/bargain-index/c6525-25g/storm/100000,i0s0-BargainIndex-17-1759309115,0,0,,parser-bolt,1.0002076944185612,0.009,0.014,0.014,,vwap-calculator-bolt,0.0006587796625253169,0.0,0.0,0.0,,bargain-index-bolt,0.0,0.001,0.005,0.005
BargainIndex,storm,Bargain Index,1,c6525-25g,100000,"10,48,48,48,1",10,48.0,1,XL,5,10,3,artifacts/bargain-index/c6525-25g/storm/100000,i0s0-BargainIndex-16-1759308611,0,0,,parser-bolt,0.9999243650889811,0.008,0.011,0.011,,vwap-calculator-bolt,0.0006190147813672141,0.0,0.0,0.0,,bargain-index-bolt,0.0,0.0,0.0,0.0
BargainIndex,storm,Bargain Index,1,c6525-25g,100000,"10,80,80,80,1",10,80.0,1,XXL,6,16,3,artifacts/bargain-index/c6525-25g/storm/100000,i0s0-BargainIndex-19-1759310326,0,0,,parser-bolt,0.9998539388943741,0.006,0.009,0.009,,vwap-calculator-bolt,0.0005872369801442148,0.0,0.0,0.0,,bargain-index-bolt,0.0,0.0,0.0,0.0
BargainIndex,storm,Bargain Index,1,c6525-25g,100000,"10,40,40,40,1",10,40.0,1,XL,5,8,3,artifacts/bargain-index/c6525-25g/storm/100000,i0s0-BargainIndex-15-1759308082,0,0,,parser-bolt,0.999963415499682,0.008,0.011,0.011,,vwap-calculator-bolt,0.0005223658738557897,0.0,0.0,0.0,,bargain-index-bolt,0.0,0.0,0.0,0.0
BargainIndex,storm,Bargain Index,1,c6525-25g,100000,"10,72,72,72,1",10,72.0,1,XXL,6,15,3,artifacts/bargain-index/c6525-25g/storm/100000,i0s0-BargainIndex-18-1759309691,0,0,,parser-bolt,0.9998057348550894,0.009,0.017,0.017,,vwap-calculator-bolt,0.0006390017932080484,0.0,0.0,0.0,,bargain-index-bolt,0.0,0.003,0.005,0.005
BargainIndex,storm,Bargain Index,1,c6525-25g,100000,"10,4,4,4,1",10,4.0,1,XS,1,1,3,artifacts/bargain-index/c6525-25g/storm/100000,i0s0-BargainIndex-11-1759304753,0,0,,parser-bolt,1.0000396343448585,0.005,0.006,0.006,,vwap-calculator-bolt,0.0005324412644101198,0.0,0.0,0.0,,bargain-index-bolt,0.0,0.001,0.004,0.004
BargainIndex,storm,Bargain Index,1,c6525-25g,1000000,"10,16,16,16,1",10,16.0,1,M,3,4,3,artifacts/bargain-index/c6525-25g/storm/1000000,i0s0-BargainIndex-5-1759333026,0,0,,parser-bolt,1.0000589796520198,0.008,0.009,0.009,,vwap-calculator-bolt,,0.001,0.001,0.001,,bargain-index-bolt,0.0,0.004,0.006,0.006
BargainIndex,storm,Bargain Index,1,c6525-25g,1000000,"10,32,32,32,1",10,32.0,1,L,4,7,3,artifacts/bargain-index/c6525-25g/storm/1000000,i0s0-BargainIndex-4-1759331953,0,0,,parser-bolt,1.0000720400614187,0.012,0.014,0.014,,vwap-calculator-bolt,,0.001,0.005,0.005,,bargain-index-bolt,0.0,0.0,0.0,0.0
BargainIndex,storm,Bargain Index,1,c6525-25g,1000000,"10,4,4,4,1",10,4.0,1,XS,1,1,3,artifacts/bargain-index/c6525-25g/storm/1000000,i0s0-BargainIndex-7-1759334401,0,0,,parser-bolt,1.0000028679310746,0.005,0.006,0.006,,vwap-calculator-bolt,0.00018674879147152605,0.0,0.0,0.0,,bargain-index-bolt,0.0,0.0,0.0,0.0
BargainIndex,storm,Bargain Index,1,c6525-25g,1000000,"10,2,2,2,1",10,2.0,1,XS,1,1,3,artifacts/bargain-index/c6525-25g/storm/1000000,i0s0-BargainIndex-8-1759334969,0,0,,parser-bolt,1.0000042199198693,0.005,0.005,0.005,,vwap-calculator-bolt,0.00030729340181804204,0.0,0.0,0.0,,bargain-index-bolt,0.0,0.0,0.0,0.0
BargainIndex,storm,Bargain Index,1,c6525-25g,1000000,"10,48,48,48,1",10,48.0,1,XL,5,10,3,artifacts/bargain-index/c6525-25g/storm/1000000,i0s0-BargainIndex-2-1759330084,0,0,,parser-bolt,1.0000493754011752,0.015,0.017,0.017,,vwap-calculator-bolt,0.0009263152942006781,0.0,0.001,0.001,,bargain-index-bolt,0.0,0.0,0.0,0.0
BargainIndex,storm,Bargain Index,1,c6525-25g,1000000,"10,8,8,8,1",10,8.0,1,S,2,2,3,artifacts/bargain-index/c6525-25g/storm/1000000,i0s0-BargainIndex-6-1759333512,0,0,,parser-bolt,1.0000344658079225,0.006,0.007,0.007,,vwap-calculator-bolt,1.9897290188049293e-06,0.0,0.001,0.001,,bargain-index-bolt,0.0,0.002,0.003,0.003
BargainIndex,storm,Bargain Index,1,c6525-25g,1000000,"10,64,64,64,1",10,64.0,1,XXL,6,13,3,artifacts/bargain-index/c6525-25g/storm/1000000,i0s0-BargainIndex-1-1759328282,0,0,,parser-bolt,0.9998307945678743,0.019,0.022,0.022,,vwap-calculator-bolt,,0.001,0.001,0.001,,bargain-index-bolt,0.0,0.0,0.0,0.0
BargainIndex,storm,Bargain Index,1,c6525-25g,1000000,"10,80,80,80,1",10,80.0,1,XXL,6,16,3,artifacts/bargain-index/c6525-25g/storm/1000000,i0s0-BargainIndex-30-1759317126,0,0,,parser-bolt,1.0000506527208526,0.015,0.02,0.02,,vwap-calculator-bolt,6.81930843469769e-05,0.001,0.001,0.001,,bargain-index-bolt,0.0,0.003,0.003,0.003
BargainIndex,storm,Bargain Index,1,c6525-25g,1000000,"10,72,72,72,1",10,72.0,1,XXL,6,15,3,artifacts/bargain-index/c6525-25g/storm/1000000,i0s0-BargainIndex-31-1759317897,0,0,,parser-bolt,0.999773699852495,0.018,0.021,0.021,,vwap-calculator-bolt,,0.001,0.001,0.001,,bargain-index-bolt,0.0,0.0,0.0,0.0
BargainIndex,storm,Bargain Index,1,c6525-25g,1000000,"10,40,40,40,1",10,40.0,1,XL,5,8,3,artifacts/bargain-index/c6525-25g/storm/1000000,i0s0-BargainIndex-3-1759331454,0,0,,parser-bolt,0.9999744483522897,0.013,0.014,0.014,,vwap-calculator-bolt,0.00036862222242040624,0.0,0.001,0.001,,bargain-index-bolt,0.0,0.007,0.012,0.012
