job_name,framework,query,job_query_number,hardware_type,producer_rate,parallelism,parallelism_source,parallelism_avg,parallelism_sink,class,class_num,class_num_distinct,num_operators,path,artifact,meta__job_iteration,meta__job_sample,op1_name_flink,op1_name_storm,op1_selectivity,op1_latency_50,op1_latency_95,op1_latency_99,op2_name_flink,op2_name_storm,op2_selectivity,op2_latency_50,op2_latency_95,op2_latency_99,op3_name_flink,op3_name_storm,op3_selectivity,op3_latency_50,op3_latency_95,op3_latency_99,op4_name_flink,op4_name_storm,op4_selectivity,op4_latency_50,op4_latency_95,op4_latency_99
Trending Topics,flink,Trending Topics,1,c6525-100g,500000,"10,16,16,16,1",10,16.0,1,M,3,4,4,artifacts/trending-topics/c6525-100g/flink/500000,i3s0-1e772e17bfbc6249e835df9ea8e471ed,3,0,twitter-parser,,0.9999965535663121,37.47609649122806,93.16354166666667,97.71823245614037,topic-extractor,,0.3989377335981032,57.55614035087717,135.2147916666667,155.46952631578952,rolling-counter,,0.7328974793605882,108.80855263157896,197.29893640350878,220.91718421052633,popularity-detector,,0.00993834043737301,140.8926535087719,242.75745614035088,268.538057017544
Trending Topics,flink,Trending Topics,1,c6525-100g,500000,"10,4,4,4,1",10,4.0,1,XS,1,1,4,artifacts/trending-topics/c6525-100g/flink/500000,i1s0-93c02777fae8657e79ace2d0634d6c83,1,0,twitter-parser,,0.9999999999999994,38.15787197231835,92.95237889273356,97.02773356401384,topic-extractor,,0.3986959642123832,61.72188581314883,159.8613754325259,176.15655709342568,rolling-counter,,0.8340572718292779,86.81963667820068,192.36366782006917,209.62679930795835,popularity-detector,,0.005237649968156776,112.99221453287196,256.1471453287198,277.26467128027684
Trending Topics,flink,Trending Topics,1,c6525-100g,500000,"10,48,48,48,1",10,48.0,1,XL,5,10,4,artifacts/trending-topics/c6525-100g/flink/500000,i6s0-357471ebc163bb0495f4682d8fb33f8c,6,0,twitter-parser,,1.0,41.145856143736296,93.36912643466093,97.51799464043746,topic-extractor,,0.39906706981592166,66.95834933842269,143.99397230691054,161.31737197944898,rolling-counter,,0.691469751988875,117.66896182168666,202.99245365077346,222.75844397765033,popularity-detector,,0.02047909573793471,167.0723333000629,260.89088425724276,282.3189821771358
Trending Topics,flink,Trending Topics,1,c6525-100g,500000,"10,72,72,72,1",10,72.0,1,XXL,6,15,4,artifacts/trending-topics/c6525-100g/flink/500000,i8s0-52d0262f208d14c9d7a192cc954cc7f1,8,0,twitter-parser,,0.9999978612707415,44.2183807046612,94.46802696795075,98.38395379349646,topic-extractor,,0.3995741088132795,82.76508433977946,160.151947146688,173.30907447565983,rolling-counter,,0.4276633815399051,128.07794811301716,215.86450771812932,237.36857797183086,popularity-detector,,0.020123526947256797,178.35167153633938,273.50579794899045,297.65951520638583
Trending Topics,flink,Trending Topics,1,c6525-100g,500000,"10,8,8,8,1",10,8.0,1,S,2,2,4,artifacts/trending-topics/c6525-100g/flink/500000,i2s0-1c8adb0a6386ceb76aae86d8bae6c9a1,2,0,twitter-parser,,1.0000015754745093,37.22985750672818,93.29125298863416,97.6210967236159,topic-extractor,,0.39897239914163996,63.960126513840834,157.25324184207992,174.17177639009034,rolling-counter,,0.7555560717092403,106.95196033376588,202.68665890222508,225.37495227196274,popularity-detector,,0.008258256068247432,139.64917114210877,257.75404359200786,280.1715712105922
Trending Topics,flink,Trending Topics,1,c6525-100g,500000,"10,40,40,40,1",10,40.0,1,XL,5,8,4,artifacts/trending-topics/c6525-100g/flink/500000,i5s0-c10434aa2abf54916cb34217a6d48bf9,5,0,twitter-parser,,0.9999999999999998,40.90307314636584,93.75521717611656,97.87594248434492,topic-extractor,,0.3993786232943705,67.2676179003923,146.80177034855384,164.321315117809,rolling-counter,,0.7472858484966263,118.02483370288247,209.24350798591655,230.9347235569309,popularity-detector,,0.011761959380613534,164.53494356253503,264.8811198709828,287.8022904960893
Trending Topics,flink,Trending Topics,1,c6525-100g,500000,"10,64,64,64,1",10,64.0,1,XXL,6,13,4,artifacts/trending-topics/c6525-100g/flink/500000,i7s0-55fd83e861a7104f033a9ae278d8211b,7,0,twitter-parser,,1.0,43.23587036058453,93.90507591684232,97.80024038080816,topic-extractor,,0.3994781616911649,73.79642318428523,150.07219409782292,165.95025195079307,rolling-counter,,0.5035031254156137,123.63331771125215,212.33005962216143,233.84220259542283,popularity-detector,,0.024925071174549968,171.87263793751984,270.19748195782876,293.4998972102593
Trending Topics,flink,Trending Topics,1,c6525-100g,500000,"10,96,96,96,1",10,96.0,1,XXL,6,16,4,artifacts/trending-topics/c6525-100g/flink/500000,i10s0-0b7cdf199d06e47b903025cc4affb5cf,10,0,twitter-parser,,1.0,45.91434171452486,95.16027829841084,99.17051918633055,topic-extractor,,0.39986390046342457,80.92754376822214,153.66107131271625,167.9230315138208,rolling-counter,,0.4790514004776135,128.2844736699827,217.72306567911582,238.31727717154058,popularity-detector,,0.02376966548283867,177.58950014467592,275.8926016348378,298.93517795138905
Trending Topics,flink,Trending Topics,1,c6525-100g,500000,"10,32,32,32,1",10,32.0,1,L,4,7,4,artifacts/trending-topics/c6525-100g/flink/500000,i4s0-cb75f2b2e6d518eb3091ed3db90566bc,4,0,twitter-parser,,1.0,40.3191673169522,93.60807412650018,97.72952839932974,topic-extractor,,0.3991098521829066,66.47843301605451,143.81788309756698,161.33330813098868,rolling-counter,,0.6283279649590008,115.91053394490417,207.56233737190885,229.02773909335082,popularity-detector,,0.0145336602216777,160.45550837204806,261.62370615865757,286.708593190452
Trending Topics,flink,Trending Topics,1,c6525-100g,500000,"10,2,2,2,1",10,2.0,1,XS,1,1,4,artifacts/trending-topics/c6525-100g/flink/500000,i0s0-9d3ff2dd876c2496ad2cbfeb45caedd6,0,0,twitter-parser,,1.0000000529825581,33.044982698961945,88.86254325259515,97.13702422145333,topic-extractor,,0.39856930150388575,46.484429065743946,105.13624567474052,115.29577854671288,rolling-counter,,0.887219001689754,61.16868512110723,128.95692041522486,144.16173010380618,popularity-detector,,0.00424926613087718,75.32266435986155,149.55103806228385,164.62602076124568
Trending Topics,flink,Trending Topics,1,c6525-100g,500000,"10,80,80,80,1",10,80.0,1,XXL,6,16,4,artifacts/trending-topics/c6525-100g/flink/500000,i9s0-2318b81859158933f57993f3a62105a4,9,0,twitter-parser,,0.9999987126605887,44.11673256472972,93.94267327138769,97.76217866304737,topic-extractor,,0.3995235571850057,74.66820031917432,148.81141402428116,165.40099233086747,rolling-counter,,0.4916971676500747,124.2105172413793,211.0078772297459,231.65986520403303,popularity-detector,,0.024900151502386614,172.66375171518905,270.54255296205713,293.9219186224795
Trending Topics,flink,Trending Topics,1,c6525-100g,100000,"10,16,16,16,1",10,16.0,1,M,3,4,4,artifacts/trending-topics/c6525-100g/flink/100000,i3s0-493714bba02e21f16b210ceeb88707b6,3,0,twitter-parser,,1.0000000000000002,47.100151909722214,94.69814453125,97.99289062499999,topic-extractor,,0.40044906612499936,92.09950086805556,161.93805338541668,170.03088541666668,rolling-counter,,0.7693693019899656,146.21278211805554,220.2580295138889,233.06787760416674,popularity-detector,,0.010823230631933006,196.69833670574428,273.9696654659068,285.81594778358505
Trending Topics,flink,Trending Topics,1,c6525-100g,100000,"10,4,4,4,1",10,4.0,1,XS,1,1,4,artifacts/trending-topics/c6525-100g/flink/100000,i1s0-bdf49457b346b296b46265387b4f7d80,1,0,twitter-parser,,1.0000005191281167,46.51203826661144,94.9843962439999,98.26939316780783,topic-extractor,,0.3987254481934381,80.15833099826999,157.01882187934012,172.58340263395138,rolling-counter,,0.8283548567167723,110.25401580127185,191.23128944226505,202.96404717233992,popularity-detector,,0.0046935296016872964,154.27472527472523,248.51337366901382,267.326627214249
Trending Topics,flink,Trending Topics,1,c6525-100g,100000,"10,80,80,80,1",10,80.0,1,XXL,6,16,4,artifacts/trending-topics/c6525-100g/flink/100000,i9s0-47b3e517b98500d23d03e644bcdba45a,9,0,twitter-parser,,0.9999949794645333,49.64226398601397,95.76927229020978,99.95932430069931,topic-extractor,,0.40110291457137975,97.15323434241198,161.21317987056804,172.70005713409398,rolling-counter,,0.5217565193695912,142.38651246779537,217.5969072966507,234.68438910563117,popularity-detector,,0.04262626826835913,196.8872223500184,276.20495558060355,293.92963589743584
Trending Topics,flink,Trending Topics,1,c6525-100g,100000,"10,2,2,2,1",10,2.0,1,XS,1,1,4,artifacts/trending-topics/c6525-100g/flink/100000,i0s0-0ae9c2cff77afb76ba3674d4371ce798,0,0,twitter-parser,,1.0,44.37891986062718,94.24416376306618,97.60557491289194,topic-extractor,,0.39893484472126506,74.07142857142858,140.8794425087108,154.99585365853667,rolling-counter,,0.8702448511746319,98.10104529616727,175.797299651568,191.8721254355402,popularity-detector,,0.004456881197261117,128.76393728223007,221.58257839721261,241.73104529616734
Trending Topics,flink,Trending Topics,1,c6525-100g,100000,"10,48,48,48,1",10,48.0,1,XL,5,10,4,artifacts/trending-topics/c6525-100g/flink/100000,i6s0-28b3a90ecb5a6b33167028c898732bdb,6,0,twitter-parser,,1.0,49.04172110917538,95.8685869623298,100.37949603880338,topic-extractor,,0.40076591586793103,93.37367460216639,160.81209258855984,170.7630721857256,rolling-counter,,0.7397123439702186,140.771379900834,220.03017860419484,237.7567145206237,popularity-detector,,0.029209151926672696,192.6025930009114,278.0703256317347,295.65519645680087
Trending Topics,flink,Trending Topics,1,c6525-100g,100000,"10,64,64,64,1",10,64.0,1,XXL,6,13,4,artifacts/trending-topics/c6525-100g/flink/100000,i7s0-16d27794c43b65143354221133634bc7,7,0,twitter-parser,,1.0,49.09389206092116,95.54472990844585,99.1550853046058,topic-extractor,,0.4002107421514442,92.76665770633711,159.67957514616307,172.51666437176365,rolling-counter,,0.536231173347313,137.4258840858498,219.9843060205853,238.31652367568597,popularity-detector,,0.04138176717178032,189.95307518888526,279.8268648827671,300.9662042871963
Trending Topics,flink,Trending Topics,1,c6525-100g,100000,"10,96,96,96,1",10,96.0,1,XXL,6,16,4,artifacts/trending-topics/c6525-100g/flink/100000,i10s0-7458592594d37073e24daaf5674a63c7,10,0,twitter-parser,,0.9999999999999999,50.20286494880388,96.16012923668576,100.30161038168231,topic-extractor,,0.4010393030917671,96.2764358707575,166.66600566907832,179.40747054559458,rolling-counter,,0.5511301447610737,141.3602361872298,226.72799850308314,245.88500363202098,popularity-detector,,0.05623853250763259,192.54030560394884,288.57613784843204,311.9533776132405
Trending Topics,flink,Trending Topics,1,c6525-100g,100000,"10,40,40,40,1",10,40.0,1,XL,5,8,4,artifacts/trending-topics/c6525-100g/flink/100000,i5s0-af8ec9982b3fe720627bf6be145c69ef,5,0,twitter-parser,,1.0000000000000002,49.03433565215302,95.92583388900903,99.79437433919648,topic-extractor,,0.39992575661270735,89.02317017493272,152.83304520797287,162.07112767925798,rolling-counter,,0.7515033216964715,135.83279522899852,211.6791150338812,227.04728425965976,popularity-detector,,0.021564440199802557,188.73937352821025,267.7011469146482,285.14973142541334
Trending Topics,flink,Trending Topics,1,c6525-100g,100000,"10,72,72,72,1",10,72.0,1,XXL,6,15,4,artifacts/trending-topics/c6525-100g/flink/100000,i8s0-b8b0237997c2e6ab4bdf46a01b7d70d7,8,0,twitter-parser,,1.0,48.4286619140373,94.68200671726458,98.74105966294042,topic-extractor,,0.40061459487236956,94.6626321239031,161.5273428426248,171.95085905909903,rolling-counter,,0.529408174887425,141.69873490060544,222.28955648175034,238.83941685687938,popularity-detector,,0.04944448470813546,192.214857696692,281.06785457196094,299.24383880514176
Trending Topics,flink,Trending Topics,1,c6525-100g,100000,"10,32,32,32,1",10,32.0,1,L,4,7,4,artifacts/trending-topics/c6525-100g/flink/100000,i4s0-b5eb9c6c29cba43f09af61a9f50886f5,4,0,twitter-parser,,0.9999883788304079,48.274718013093974,95.48615720168264,98.84049855581229,topic-extractor,,0.4001767574932039,84.95839036023226,152.49841905883395,167.19592507998584,rolling-counter,,0.7118491159102065,127.93819135857333,214.52635698098112,235.6891401084252,popularity-detector,,0.02736976727137406,178.34799202364027,273.7756534764189,297.1880032883043
Trending Topics,flink,Trending Topics,1,c6525-100g,100000,"10,8,8,8,1",10,8.0,1,S,2,2,4,artifacts/trending-topics/c6525-100g/flink/100000,i2s0-f692097388b6f3c523bcb5b1e28afd05,2,0,twitter-parser,,1.0,46.506076388888886,94.49053819444443,97.85215277777777,topic-extractor,,0.399004303569078,84.55230034722223,166.756640625,179.93384548611107,rolling-counter,,0.8141114747498056,127.18077256944443,199.11885850694443,215.16210069444443,popularity-detector,,0.006665742210946173,189.20681423611111,275.20970052083345,288.70072916666663
Trending Topics,flink,Trending Topics,1,c6525-100g,1000000,"10,32,32,32,1",10,32.0,1,L,4,7,4,artifacts/trending-topics/c6525-100g/flink/1000000,i4s0-25af08fb8a0fb394e3794caee6186569,4,0,twitter-parser,,1.000000026019049,32.316753359585256,90.20596895199562,96.04934397977938,topic-extractor,,0.39878212962341675,45.237899222955086,109.62891828338259,122.93006891880526,rolling-counter,,0.6210372781441782,99.25887748251878,177.78582938728485,195.49605955341698,popularity-detector,,0.014011228060135949,132.57031569138073,225.2655975541258,248.36279277351258
Trending Topics,flink,Trending Topics,1,c6525-100g,1000000,"10,64,64,64,1",10,64.0,1,XXL,6,13,4,artifacts/trending-topics/c6525-100g/flink/1000000,i7s0-61f503f3879f741d2e8ce9cefc74163e,7,0,twitter-parser,,1.0000007152715114,36.602971342681705,91.21734042443835,96.35962807010064,topic-extractor,,0.3994775167011746,53.570378744730874,116.61338122624323,132.9943364448052,rolling-counter,,0.49849059820519703,106.67073008927048,188.4196021014047,205.29257696952436,popularity-detector,,0.02326526254118334,148.85059681172484,242.65435484865742,263.2757723792975
Trending Topics,flink,Trending Topics,1,c6525-100g,1000000,"10,72,72,72,1",10,72.0,1,XXL,6,15,4,artifacts/trending-topics/c6525-100g/flink/1000000,i8s0-5374415d6d6d0e3f0cd4ae6def3dbf9a,8,0,twitter-parser,,1.0,39.1392505787037,93.00129616019005,97.40556012603777,topic-extractor,,0.39940598998075705,66.08006275003227,148.07758645604807,165.87277965301976,rolling-counter,,0.4373409230212845,118.9649568358283,209.0908703105508,231.99493565029903,popularity-detector,,0.01818524730879611,164.68775952609474,267.0793510066487,292.5949733769411
Trending Topics,flink,Trending Topics,1,c6525-100g,1000000,"10,2,2,2,1",10,2.0,1,XS,1,1,4,artifacts/trending-topics/c6525-100g/flink/1000000,i0s0-51742a8277a29fb8c79157614127db6c,0,0,twitter-parser,,0.9999998418756786,29.48702422145328,50.80968858131489,52.55152249134949,topic-extractor,,0.3988822328850961,36.93166089965399,61.35389273356405,63.784982698961905,rolling-counter,,0.904140294623643,54.29861111111107,97.42230902777777,102.8566319444445,popularity-detector,,0.00395895612461834,61.03993055555559,104.50607638888893,110.75611111111118
Trending Topics,flink,Trending Topics,1,c6525-100g,1000000,"10,40,40,40,1",10,40.0,1,XL,5,8,4,artifacts/trending-topics/c6525-100g/flink/1000000,i5s0-28b48875f3a750ed4fedda19071f2a0a,5,0,twitter-parser,,0.9999997322740612,33.483465494040765,90.85160877126589,96.41454125816996,topic-extractor,,0.3991916247700691,48.447881223567855,114.64404210519996,130.89737238682235,rolling-counter,,0.7170731591798698,106.33197267877738,189.3596495188149,204.97065327037683,popularity-detector,,0.010551623670996354,141.7264645809304,238.3627791894944,259.580275398885
Trending Topics,flink,Trending Topics,1,c6525-100g,1000000,"10,48,48,48,1",10,48.0,1,XL,5,10,4,artifacts/trending-topics/c6525-100g/flink/1000000,i6s0-9fab86ead19aba2ff61e7b2d5eacd1e0,6,0,twitter-parser,,1.0000014146108767,35.34364073426575,92.16932910839162,97.49234848484849,topic-extractor,,0.39934239014309525,56.28904428904429,142.58377768065264,162.6885445804196,rolling-counter,,0.6538590779412126,111.3243881118881,203.54340875863898,227.19408711098842,popularity-detector,,0.019401481019570684,151.57975401791197,260.4717812998406,288.28413712018977
Trending Topics,flink,Trending Topics,1,c6525-100g,1000000,"10,8,8,8,1",10,8.0,1,S,2,2,4,artifacts/trending-topics/c6525-100g/flink/1000000,i2s0-a1bbf45130899dd76cefef5f2fb6c37f,2,0,twitter-parser,,1.0,29.537368881118883,91.20157342657345,96.47745629370627,topic-extractor,,0.3989511964634207,47.184222027972034,149.53487762237762,168.0874912587413,rolling-counter,,0.7312084609911164,89.80965909090912,184.89383741258735,201.6378758741259,popularity-detector,,0.009049298701168686,114.72268356643357,247.67906468531461,270.18509615384625
Trending Topics,flink,Trending Topics,1,c6525-100g,1000000,"10,80,80,80,1",10,80.0,1,XXL,6,16,4,artifacts/trending-topics/c6525-100g/flink/1000000,i9s0-bae1fa7c791fa58739985511fb68307a,9,0,twitter-parser,,1.0000010121484608,38.63645706427718,93.04104794595644,99.09808120842573,topic-extractor,,0.3996045692630747,57.404930130844775,123.8831905442119,143.16117861102322,rolling-counter,,0.46985821588410154,109.64504139153529,193.8560000213201,214.40303879961505,popularity-detector,,0.021071183190033926,154.63373851758,250.405544196657,274.62833515265226
Trending Topics,flink,Trending Topics,1,c6525-100g,1000000,"10,96,96,96,1",10,96.0,1,XXL,6,16,4,artifacts/trending-topics/c6525-100g/flink/1000000,i10s0-074649d782b2e2c710e846ca8aefb8b1,10,0,twitter-parser,,1.0000000000000002,40.53680224005827,92.87672489243441,97.25103338574041,topic-extractor,,0.3996335511444366,66.14967904142351,149.24922061881736,166.58026395195753,rolling-counter,,0.4646251574348318,118.542260144299,211.51399616542176,234.27260271840925,popularity-detector,,0.021753216770926925,165.53048107888046,268.4947537853408,294.4057220244188
Trending Topics,flink,Trending Topics,1,c6525-100g,1000000,"10,16,16,16,1",10,16.0,1,M,3,4,4,artifacts/trending-topics/c6525-100g/flink/1000000,i3s0-0c5f0446c562546fc0b2225f6cfc1a8e,3,0,twitter-parser,,1.0042686938323224,30.46323529411765,90.86324610726643,96.40442041522489,topic-extractor,,0.40080148880627064,46.26416522491351,144.87517301038062,163.35692474048443,rolling-counter,,0.6945605912094958,100.37986591695504,198.03134731833916,217.44676470588237,popularity-detector,,0.0103600183568659,125.80579584775087,252.57093425605532,274.67594723183385
Trending Topics,flink,Trending Topics,1,c6525-100g,1000000,"10,4,4,4,1",10,4.0,1,XS,1,1,4,artifacts/trending-topics/c6525-100g/flink/1000000,i1s0-42298d8580db7355bacfea1edddbaf92,1,0,twitter-parser,,1.0000003082686595,25.298442906574394,82.14926470588236,92.64496539792385,topic-extractor,,0.3987623655760182,36.51038062283736,103.19407439446371,118.29951557093425,rolling-counter,,0.8312327693843921,58.11678200692043,135.22318339100343,155.46534602076127,popularity-detector,,0.005278695019322193,73.30795847750863,158.50756920415236,180.44633217993078
TrendingTopics,storm,Trending Topics,1,c6525-100g,500000,"10,96,96,96,1",10,96.0,1,XXL,6,16,4,artifacts/trending-topics/c6525-100g/storm/500000,i10s0-TrendingTopics-34-1760276355,10,0,,twitter-parser-bolt,1.0000418648826843,0.004,0.008,0.008,,topic-extractor-bolt,0.39910675734304757,0.006,0.011,0.011,,rolling-counter-sliding-window-bolt,0.999980277569028,0.001,0.001,0.001,,popularity-detector-bolt,0.02458199172364729,0.001,0.001,0.001
TrendingTopics,storm,Trending Topics,1,c6525-100g,500000,"10,64,64,64,1",10,64.0,1,XXL,6,13,4,artifacts/trending-topics/c6525-100g/storm/500000,i7s0-TrendingTopics-31-1760275141,7,0,,twitter-parser-bolt,0.9999853952358965,0.004,0.006,0.006,,topic-extractor-bolt,0.39911366575428475,0.005,0.008,0.008,,rolling-counter-sliding-window-bolt,0.9999987062968598,0.0,0.001,0.001,,popularity-detector-bolt,0.025082442862932954,0.001,0.001,0.001
TrendingTopics,storm,Trending Topics,1,c6525-100g,500000,"10,8,8,8,1",10,8.0,1,S,2,2,4,artifacts/trending-topics/c6525-100g/storm/500000,i2s0-TrendingTopics-26-1760273112,2,0,,twitter-parser-bolt,0.9999972935353244,0.003,0.004,0.004,,topic-extractor-bolt,0.3993859171180411,0.004,0.004,0.004,,rolling-counter-sliding-window-bolt,0.01961166295495967,0.0,0.0,0.0,,popularity-detector-bolt,0.05008767481502752,0.001,0.001,0.001
TrendingTopics,storm,Trending Topics,1,c6525-100g,500000,"10,80,80,80,1",10,80.0,1,XXL,6,16,4,artifacts/trending-topics/c6525-100g/storm/500000,i9s0-TrendingTopics-33-1760275951,9,0,,twitter-parser-bolt,0.9999931165790968,0.004,0.007,0.007,,topic-extractor-bolt,0.3991100075229397,0.006,0.009,0.009,,rolling-counter-sliding-window-bolt,0.999998887284518,0.0,0.001,0.001,,popularity-detector-bolt,0.02501979287812465,0.001,0.001,0.001
TrendingTopics,storm,Trending Topics,1,c6525-100g,500000,"10,32,32,32,1",10,32.0,1,L,4,7,4,artifacts/trending-topics/c6525-100g/storm/500000,i4s0-TrendingTopics-28-1760273924,4,0,,twitter-parser-bolt,1.00002131174294,0.004,0.006,0.006,,topic-extractor-bolt,0.3991225059824279,0.005,0.007,0.007,,rolling-counter-sliding-window-bolt,0.9695457930970514,0.0,0.001,0.001,,popularity-detector-bolt,0.027652812509168387,0.001,0.001,0.001
TrendingTopics,storm,Trending Topics,1,c6525-100g,500000,"10,48,48,48,1",10,48.0,1,XL,5,10,4,artifacts/trending-topics/c6525-100g/storm/500000,i6s0-TrendingTopics-30-1760274736,6,0,,twitter-parser-bolt,0.99996434382633,0.005,0.007,0.007,,topic-extractor-bolt,0.39911089800458005,0.006,0.008,0.008,,rolling-counter-sliding-window-bolt,0.9999817962224562,0.0,0.001,0.001,,popularity-detector-bolt,0.025288823824617692,0.001,0.001,0.001
TrendingTopics,storm,Trending Topics,1,c6525-100g,500000,"10,72,72,72,1",10,72.0,1,XXL,6,15,4,artifacts/trending-topics/c6525-100g/storm/500000,i8s0-TrendingTopics-32-1760275547,8,0,,twitter-parser-bolt,1.000017463690943,0.004,0.007,0.007,,topic-extractor-bolt,0.3991078525910089,0.005,0.008,0.008,,rolling-counter-sliding-window-bolt,0.972974004031903,0.0,0.001,0.001,,popularity-detector-bolt,0.014478764109468394,0.001,0.002,0.002
TrendingTopics,storm,Trending Topics,1,c6525-100g,500000,"10,40,40,40,1",10,40.0,1,XL,5,8,4,artifacts/trending-topics/c6525-100g/storm/500000,i5s0-TrendingTopics-29-1760274330,5,0,,twitter-parser-bolt,1.0000137849519484,0.004,0.006,0.006,,topic-extractor-bolt,0.39910999232538485,0.005,0.007000000000000001,0.007,,rolling-counter-sliding-window-bolt,0.9999990764868377,0.0,0.001,0.001,,popularity-detector-bolt,0.025005915177190266,0.001,0.001,0.001
TrendingTopics,storm,Trending Topics,1,c6525-100g,500000,"10,2,2,2,1",10,2.0,1,XS,1,1,4,artifacts/trending-topics/c6525-100g/storm/500000,i0s0-TrendingTopics-24-1760272297,0,0,,twitter-parser-bolt,0.9999942300698818,0.002,0.003,0.003,,topic-extractor-bolt,0.39901468673603424,0.003,0.003,0.003,,rolling-counter-sliding-window-bolt,0.00485734819940354,0.0,0.006,0.006,,popularity-detector-bolt,0.05243672998725496,0.002,0.002,0.002
TrendingTopics,storm,Trending Topics,1,c6525-100g,500000,"10,16,16,16,1",10,16.0,1,M,3,4,4,artifacts/trending-topics/c6525-100g/storm/500000,i3s0-TrendingTopics-27-1760273519,3,0,,twitter-parser-bolt,1.0000261567921465,0.004,0.004,0.004,,topic-extractor-bolt,0.3986329092532468,0.004,0.005,0.005,,rolling-counter-sliding-window-bolt,0.302835832249243,0.0,0.0,0.0,,popularity-detector-bolt,0.016676048858204992,0.001,0.001,0.001
TrendingTopics,storm,Trending Topics,1,c6525-100g,500000,"10,4,4,4,1",10,4.0,1,XS,1,1,4,artifacts/trending-topics/c6525-100g/storm/500000,i1s0-TrendingTopics-25-1760272705,1,0,,twitter-parser-bolt,1.000005379050623,0.003,0.003,0.003,,topic-extractor-bolt,0.39887457577672125,0.003,0.003,0.003,,rolling-counter-sliding-window-bolt,0.004016428103196006,0.0,0.0,0.0,,popularity-detector-bolt,0.06790702522409839,0.002,0.003,0.003
TrendingTopics,storm,Trending Topics,1,c6525-100g,100000,"10,80,80,80,1",10,80.0,1,XXL,6,16,4,artifacts/trending-topics/c6525-100g/storm/100000,i9s0-TrendingTopics-22-1760271312,9,0,,twitter-parser-bolt,1.0001199411022141,0.004,0.006,0.006,,topic-extractor-bolt,0.3936643403510459,0.006,0.009,0.009,,rolling-counter-sliding-window-bolt,0.9999877025996704,0.001,0.001,0.001,,popularity-detector-bolt,0.012554007301569583,0.001,0.003,0.003
TrendingTopics,storm,Trending Topics,1,c6525-100g,100000,"10,64,64,64,1",10,64.0,1,XXL,6,13,4,artifacts/trending-topics/c6525-100g/storm/100000,i7s0-TrendingTopics-20-1760270499,7,0,,twitter-parser-bolt,1.0000418534639852,0.003,0.006,0.006,,topic-extractor-bolt,0.3932558376480831,0.005,0.009,0.009,,rolling-counter-sliding-window-bolt,0.999981152381114,0.001,0.001,0.001,,popularity-detector-bolt,0.011645006872184902,0.001,0.002,0.002
TrendingTopics,storm,Trending Topics,1,c6525-100g,100000,"10,8,8,8,1",10,8.0,1,S,2,2,4,artifacts/trending-topics/c6525-100g/storm/100000,i2s0-TrendingTopics-15-1760268467,2,0,,twitter-parser-bolt,0.9999665297205048,0.003,0.004,0.004,,topic-extractor-bolt,0.392867418564624,0.004,0.005,0.005,,rolling-counter-sliding-window-bolt,0.999993443728458,0.0,0.001,0.001,,popularity-detector-bolt,0.019706913703408047,0.0,0.001,0.001
TrendingTopics,storm,Trending Topics,1,c6525-100g,100000,"10,32,32,32,1",10,32.0,1,L,4,7,4,artifacts/trending-topics/c6525-100g/storm/100000,i4s0-TrendingTopics-17-1760269281,4,0,,twitter-parser-bolt,0.9998927455144246,0.004,0.008,0.008,,topic-extractor-bolt,0.3934252527735103,0.005,0.009,0.009,,rolling-counter-sliding-window-bolt,0.9999839623549301,0.0,0.001,0.001,,popularity-detector-bolt,0.014107569153687332,0.001,0.002,0.002
TrendingTopics,storm,Trending Topics,1,c6525-100g,100000,"10,48,48,48,1",10,48.0,1,XL,5,10,4,artifacts/trending-topics/c6525-100g/storm/100000,i6s0-TrendingTopics-19-1760270094,6,0,,twitter-parser-bolt,0.9997262928798624,0.005,0.008,0.008,,topic-extractor-bolt,0.3928188692031181,0.006,0.008,0.008,,rolling-counter-sliding-window-bolt,1.0000018731169322,0.001,0.001,0.001,,popularity-detector-bolt,0.0151723905389622,0.001,0.002,0.002
TrendingTopics,storm,Trending Topics,1,c6525-100g,100000,"10,96,96,96,1",10,96.0,1,XXL,6,16,4,artifacts/trending-topics/c6525-100g/storm/100000,i10s0-TrendingTopics-23-1760271720,10,0,,twitter-parser-bolt,1.0000003699590307,0.004,0.006,0.006,,topic-extractor-bolt,0.3932000202748125,0.006,0.011,0.011,,rolling-counter-sliding-window-bolt,0.9999811806684062,0.001,0.002,0.002,,popularity-detector-bolt,0.013259331555759686,0.001,0.003,0.003
TrendingTopics,storm,Trending Topics,1,c6525-100g,100000,"10,72,72,72,1",10,72.0,1,XXL,6,15,4,artifacts/trending-topics/c6525-100g/storm/100000,i8s0-TrendingTopics-21-1760270906,8,0,,twitter-parser-bolt,0.9999343254858437,0.004,0.006,0.006,,topic-extractor-bolt,0.39307270979727293,0.006,0.009,0.009,,rolling-counter-sliding-window-bolt,0.9999934291550268,0.001,0.001,0.001,,popularity-detector-bolt,0.013628477763716725,0.001,0.002,0.002
TrendingTopics,storm,Trending Topics,1,c6525-100g,100000,"10,2,2,2,1",10,2.0,1,XS,1,1,4,artifacts/trending-topics/c6525-100g/storm/100000,i0s0-TrendingTopics-13-1760265679,0,0,,twitter-parser-bolt,0.9999650780665773,0.002,0.004,0.004,,topic-extractor-bolt,0.3991066198476997,0.003,0.005,0.005,,rolling-counter-sliding-window-bolt,0.9999618199812114,0.0,0.0,0.0,,popularity-detector-bolt,0.014489206078183325,0.0,0.001,0.001
TrendingTopics,storm,Trending Topics,1,c6525-100g,100000,"10,16,16,16,1",10,16.0,1,M,3,4,4,artifacts/trending-topics/c6525-100g/storm/100000,i3s0-TrendingTopics-16-1760268874,3,0,,twitter-parser-bolt,1.0000375885657773,0.003,0.005,0.005,,topic-extractor-bolt,0.3922512618100198,0.004,0.005,0.005,,rolling-counter-sliding-window-bolt,0.9999916205876574,0.0,0.001,0.001,,popularity-detector-bolt,0.015479737741443018,0.001,0.001,0.001
TrendingTopics,storm,Trending Topics,1,c6525-100g,100000,"10,4,4,4,1",10,4.0,1,XS,1,1,4,artifacts/trending-topics/c6525-100g/storm/100000,i1s0-TrendingTopics-14-1760268063,1,0,,twitter-parser-bolt,0.9999835781047235,0.003,0.003,0.003,,topic-extractor-bolt,0.3922241960934866,0.003,0.004,0.004,,rolling-counter-sliding-window-bolt,0.9999990695830895,0.0,0.001,0.001,,popularity-detector-bolt,0.018184186531197084,0.0,0.0,0.0
TrendingTopics,storm,Trending Topics,1,c6525-100g,100000,"10,40,40,40,1",10,40.0,1,XL,5,8,4,artifacts/trending-topics/c6525-100g/storm/100000,i5s0-TrendingTopics-18-1760269687,5,0,,twitter-parser-bolt,0.9998700394727568,0.004,0.007000000000000001,0.007,,topic-extractor-bolt,0.3927016782622043,0.006,0.008,0.008,,rolling-counter-sliding-window-bolt,0.9999738282779849,0.001,0.001,0.001,,popularity-detector-bolt,0.014373430608349023,0.001,0.002,0.002
TrendingTopics,storm,Trending Topics,1,c6525-100g,1000000,"10,48,48,48,1",10,48.0,1,XL,5,10,4,artifacts/trending-topics/c6525-100g/storm/1000000,i6s0-TrendingTopics-41-1760280022,6,0,,twitter-parser-bolt,0.9999919586571806,0.006,0.006,0.006,,topic-extractor-bolt,0.3990931796019276,0.007,0.008,0.008,,rolling-counter-sliding-window-bolt,0.9999897358801191,0.0,0.0,0.0,,popularity-detector-bolt,0.027209350005055855,0.001,0.001,0.001
TrendingTopics,storm,Trending Topics,1,c6525-100g,1000000,"10,32,32,32,1",10,32.0,1,L,4,7,4,artifacts/trending-topics/c6525-100g/storm/1000000,i4s0-TrendingTopics-39-1760279210,4,0,,twitter-parser-bolt,0.9999936863172034,0.005,0.005,0.005,,topic-extractor-bolt,0.3986906672058606,0.006,0.006,0.006,,rolling-counter-sliding-window-bolt,0.9574290100377477,0.0,0.0,0.0,,popularity-detector-bolt,0.028138418299874048,0.001,0.001,0.001
TrendingTopics,storm,Trending Topics,1,c6525-100g,1000000,"10,64,64,64,1",10,64.0,1,XXL,6,13,4,artifacts/trending-topics/c6525-100g/storm/1000000,i7s0-TrendingTopics-42-1760280428,7,0,,twitter-parser-bolt,1.000071727511875,0.006,0.006,0.006,,topic-extractor-bolt,0.3988143439776692,0.007,0.008,0.008,,rolling-counter-sliding-window-bolt,0.9735182881731997,0.001,0.001,0.001,,popularity-detector-bolt,0.017063224322605795,0.001,0.001,0.001
TrendingTopics,storm,Trending Topics,1,c6525-100g,1000000,"10,4,4,4,1",10,4.0,1,XS,1,1,4,artifacts/trending-topics/c6525-100g/storm/1000000,i1s0-TrendingTopics-36-1760277989,1,0,,twitter-parser-bolt,1.0000018239687738,0.003,0.003,0.003,,topic-extractor-bolt,0.3987731265971307,0.003,0.004,0.004,,rolling-counter-sliding-window-bolt,0.012777622120278177,0.0,0.002,0.002,,popularity-detector-bolt,0.029620014160962948,0.001,0.001,0.001
TrendingTopics,storm,Trending Topics,1,c6525-100g,1000000,"10,16,16,16,1",10,16.0,1,M,3,4,4,artifacts/trending-topics/c6525-100g/storm/1000000,i3s0-TrendingTopics-38-1760278805,3,0,,twitter-parser-bolt,1.0000027589626905,0.004,0.005,0.005,,topic-extractor-bolt,0.3994508967255585,0.005,0.005,0.005,,rolling-counter-sliding-window-bolt,0.13448650893263311,0.0,0.0,0.0,,popularity-detector-bolt,0.027937611247269803,0.001,0.001,0.001
TrendingTopics,storm,Trending Topics,1,c6525-100g,1000000,"10,8,8,8,1",10,8.0,1,S,2,2,4,artifacts/trending-topics/c6525-100g/storm/1000000,i2s0-TrendingTopics-37-1760278397,2,0,,twitter-parser-bolt,1.000016125582531,0.003,0.004,0.004,,topic-extractor-bolt,0.3991359488426187,0.004,0.004,0.004,,rolling-counter-sliding-window-bolt,0.01488140793653505,0.0,0.0,0.0,,popularity-detector-bolt,0.045938320993551475,0.001,0.001,0.001
TrendingTopics,storm,Trending Topics,1,c6525-100g,1000000,"10,96,96,96,1",10,96.0,1,XXL,6,16,4,artifacts/trending-topics/c6525-100g/storm/1000000,i10s0-TrendingTopics-45-1760281648,10,0,,twitter-parser-bolt,1.0000865807706967,0.006,0.006,0.006,,topic-extractor-bolt,0.3998705479855081,0.008,0.009,0.009,,rolling-counter-sliding-window-bolt,0.999995375106215,0.001,0.001,0.001,,popularity-detector-bolt,0.025452245871730908,0.001,0.001,0.001
TrendingTopics,storm,Trending Topics,1,c6525-100g,1000000,"10,2,2,2,1",10,2.0,1,XS,1,1,4,artifacts/trending-topics/c6525-100g/storm/1000000,i0s0-TrendingTopics-35-1760277583,0,0,,twitter-parser-bolt,0.9999860124636987,0.003,0.003,0.003,,topic-extractor-bolt,0.39851408762575175,0.003,0.003,0.003,,rolling-counter-sliding-window-bolt,,0.0,0.013,0.013000000000000001,,popularity-detector-bolt,0.04025876146212788,0.001,0.001,0.001
TrendingTopics,storm,Trending Topics,1,c6525-100g,1000000,"10,40,40,40,1",10,40.0,1,XL,5,8,4,artifacts/trending-topics/c6525-100g/storm/1000000,i5s0-TrendingTopics-40-1760279618,5,0,,twitter-parser-bolt,0.9999802883123619,0.006,0.006,0.006,,topic-extractor-bolt,0.3994352555147105,0.006,0.007,0.007,,rolling-counter-sliding-window-bolt,0.9999867413765544,0.0,0.0,0.0,,popularity-detector-bolt,0.027463021906010108,0.001,0.001,0.001
TrendingTopics,storm,Trending Topics,1,c6525-100g,1000000,"10,80,80,80,1",10,80.0,1,XXL,6,16,4,artifacts/trending-topics/c6525-100g/storm/1000000,i9s0-TrendingTopics-44-1760281242,9,0,,twitter-parser-bolt,0.9999368907096168,0.006,0.006,0.006,,topic-extractor-bolt,0.39872425967207553,0.007,0.008,0.008,,rolling-counter-sliding-window-bolt,0.999997922813408,0.001,0.001,0.001,,popularity-detector-bolt,0.025945672418384615,0.001,0.001,0.001
TrendingTopics,storm,Trending Topics,1,c6525-100g,1000000,"10,72,72,72,1",10,72.0,1,XXL,6,15,4,artifacts/trending-topics/c6525-100g/storm/1000000,i8s0-TrendingTopics-43-1760280836,8,0,,twitter-parser-bolt,0.9999287206157462,0.006,0.006,0.006,,topic-extractor-bolt,0.3983920701957537,0.007,0.008,0.008,,rolling-counter-sliding-window-bolt,1.0000004219847292,0.001,0.001,0.001,,popularity-detector-bolt,0.026871456230703923,0.001,0.001,0.001
Trending Topics,flink,Trending Topics,1,m510,500000,"10,32,32,32,1",10,32.0,1,L,4,7,4,artifacts/trending-topics/m510/flink/500000,i0s0-4bfbc54f69ea6586d87ccf5d77e1e026,0,0,twitter-parser,,0.9999994362477344,36.56669729374308,92.11996111918604,97.6635648255814,topic-extractor,,0.39925301444240646,51.04806184246955,114.81681564922481,133.12546876384272,rolling-counter,,0.6730801391138198,104.58961344130677,183.1879884066999,203.01859017165006,popularity-detector,,0.01578786418896335,145.21989375692144,239.05460819836654,263.405113482835
Trending Topics,flink,Trending Topics,1,m510,500000,"10,16,16,16,1",10,16.0,1,M,3,4,4,artifacts/trending-topics/m510/flink/500000,i0s0-585e723f7dbf150ba8e71810687c2db4,0,0,twitter-parser,,0.9999999999999998,32.7525,91.40369791666667,97.25654583333335,topic-extractor,,0.39891993058898745,45.91166666666667,126.53266666666664,150.3531541666667,rolling-counter,,0.7887853443062969,100.38083333333334,190.87065624999997,215.79629583333337,popularity-detector,,0.009204420321553566,131.80656249999998,241.61006249999997,270.95701666666673
Trending Topics,flink,Trending Topics,1,m510,500000,"10,8,8,8,1",10,8.0,1,S,2,2,4,artifacts/trending-topics/m510/flink/500000,i0s0-e9a5d0261128c0b6b4126ae876c91707,0,0,twitter-parser,,0.9999999678113023,34.31916666666667,93.43010416666667,100.55229166666668,topic-extractor,,0.3990271520731279,49.823125000000005,125.80333333333331,146.14677500000005,rolling-counter,,0.8213254316476379,99.94187499999998,188.92391666666657,212.2016083333334,popularity-detector,,0.006823390763385258,123.116875,231.44375000000002,257.66639166666675
Trending Topics,flink,Trending Topics,1,m510,500000,"10,2,2,2,1",10,2.0,1,XS,1,1,4,artifacts/trending-topics/m510/flink/500000,i0s0-3d73634026e727a5abb810a5a309a6a1,0,0,twitter-parser,,1.0000000716648114,72.41999999999999,112.87591666666668,119.14480000000006,topic-extractor,,0.3987329508383963,82.40750000000008,122.75991666666674,129.01493333333337,rolling-counter,,0.9179721909127099,96.22500000000005,179.10408333333336,189.72286666666668,popularity-detector,,0.003949755436015252,104.94583333333335,186.93625,198.07583333333332
Trending Topics,flink,Trending Topics,1,m510,500000,"10,4,4,4,1",10,4.0,1,XS,1,1,4,artifacts/trending-topics/m510/flink/500000,i0s0-575b036df9a6dc65be7428b3449fe2b0,0,0,twitter-parser,,0.9999998778793913,39.49041666666668,99.8014583333333,107.16913333333333,topic-extractor,,0.39883236327129346,54.51250000000002,128.91991666666667,146.64935000000003,rolling-counter,,0.8680728999182477,92.9154166666667,187.03625,209.67546666666672,popularity-detector,,0.004655511787168785,104.18208333333332,210.72279166666664,235.95183333333338
Trending Topics,flink,Trending Topics,1,m510,500000,"10,40,40,40,1",10,40.0,1,XL,5,8,4,artifacts/trending-topics/m510/flink/500000,i0s0-55b4a68d2640e86c65ff2ed5db9b3c3e,0,0,twitter-parser,,1.0,39.19408333333333,93.39839166666665,98.24463833333336,topic-extractor,,0.39936615031850076,63.84795833333333,150.00720416666658,168.12841,rolling-counter,,0.7523663020673867,116.16591666666666,212.85602083333328,237.64213166666661,popularity-detector,,0.011525083791317153,159.93145833333332,271.0103083333332,299.37617500000005
Trending Topics,flink,Trending Topics,1,m510,100000,"10,40,40,40,1",10,40.0,1,XL,5,8,4,artifacts/trending-topics/m510/flink/100000,i0s0-0fe52ed81e3c31c3e113888b208bbdf7,0,0,twitter-parser,,1.0,47.291625,94.71441666666668,98.24631166666667,topic-extractor,,0.39493707028411584,83.94954166666666,152.6732625,168.6819433333333,rolling-counter,,0.8287557661693782,133.8674583333333,217.8649375,239.22409500000003,popularity-detector,,0.034439408351529456,182.86445833333337,279.71855,304.2409583333334
Trending Topics,flink,Trending Topics,1,m510,100000,"10,8,8,8,1",10,8.0,1,S,2,2,4,artifacts/trending-topics/m510/flink/100000,i0s0-3c7c466e6f9ce7f1b264c8b9feb1ec10,0,0,twitter-parser,,1.0000000000000004,44.143471760797325,94.58625020764117,98.56705448504984,topic-extractor,,0.3935701707550069,70.17206602990032,142.9678405315615,161.7968690476191,rolling-counter,,0.8796200760361566,120.04357696566998,205.9671506090809,228.6408420265781,popularity-detector,,0.007730057486982677,160.93968023255815,261.0115366140642,285.8254314507198
Trending Topics,flink,Trending Topics,1,m510,100000,"10,2,2,2,1",10,2.0,1,XS,1,1,4,artifacts/trending-topics/m510/flink/100000,i0s0-d5f16b1ed43aefaceff2ca11b24ad897,0,0,twitter-parser,,0.9999994509747233,38.44999999999999,93.74233333333332,98.58739999999995,topic-extractor,,0.39327223170800135,48.023333333333305,105.16916666666668,112.98146666666665,rolling-counter,,0.9131312987099924,79.46416666666661,149.06974999999994,166.03783333333325,popularity-detector,,0.004218463708842841,92.00666666666659,164.69358333333332,181.71473333333324
Trending Topics,flink,Trending Topics,1,m510,100000,"10,32,32,32,1",10,32.0,1,L,4,7,4,artifacts/trending-topics/m510/flink/100000,i0s0-748cb8385c50d7b557f967b21eb7b38e,0,0,twitter-parser,,1.0,47.09109375,94.87583854166667,98.54065625,topic-extractor,,0.39489579867736896,82.19140625000001,152.71305729166664,168.82945416666666,rolling-counter,,0.7222691598645031,131.6541666666667,217.03519270833328,238.5222333333333,popularity-detector,,0.03131611024898872,180.51921874999996,278.30625000000003,302.47018958333337
Trending Topics,flink,Trending Topics,1,m510,100000,"10,16,16,16,1",10,16.0,1,M,3,4,4,artifacts/trending-topics/m510/flink/100000,i0s0-8a732cfc76516f072acc0f102dd89568,0,0,twitter-parser,,0.9999999999999999,45.62250000000001,94.63078125000001,98.34928333333332,topic-extractor,,0.3938868679697742,78.94052083333332,153.84259375,169.88180000000003,rolling-counter,,0.8074080809569023,128.683125,217.83840624999996,240.37628750000005,popularity-detector,,0.01345266349703931,175.27104166666672,277.7323333333334,302.7087291666667
Trending Topics,flink,Trending Topics,1,m510,100000,"10,4,4,4,1",10,4.0,1,XS,1,1,4,artifacts/trending-topics/m510/flink/100000,i0s0-142750f47e6ebe227bec7a4df06645d8,0,0,twitter-parser,,1.0000000000000002,42.602499999999985,94.61604166666669,98.97710000000001,topic-extractor,,0.3932163437312219,61.46958333333333,131.87362499999995,151.1957666666667,rolling-counter,,0.9099644880100666,109.66833333333336,198.38120833333332,221.25075000000004,popularity-detector,,0.004731089306410702,138.16833333333332,244.1289583333333,268.81751666666685
Trending Topics,flink,Trending Topics,1,m510,1000000,"10,16,16,16,1",10,16.0,1,M,3,4,4,artifacts/trending-topics/m510/flink/1000000,i0s0-8d5932a78e4e206e80d90f944563cdd0,0,0,twitter-parser,,1.0001343321873664,27.107395833333342,95.24707291666667,113.24361250000004,topic-extractor,,0.3993265949206179,37.93083333333333,108.81027083333335,128.75381250000007,rolling-counter,,0.7578415949978635,91.65218750000003,175.4385625,204.16340000000002,popularity-detector,,0.009710745223062613,113.30833333333334,206.74555208333328,236.16237916666668
Trending Topics,flink,Trending Topics,1,m510,1000000,"10,2,2,2,1",10,2.0,1,XS,1,1,4,artifacts/trending-topics/m510/flink/1000000,i0s0-b1fb8a6191d20b1e76a7c90be585f191,0,0,twitter-parser,,0.9999999376011591,64.01583333333329,127.9331666666667,135.9901,topic-extractor,,0.3987897802528858,73.6625,137.91583333333324,145.96210000000002,rolling-counter,,0.9167274563356841,94.64250000000001,196.2865,212.04106666666667,popularity-detector,,0.003961836120301693,103.06666666666665,203.89958333333334,219.83916666666676
Trending Topics,flink,Trending Topics,1,m510,1000000,"10,32,32,32,1",10,32.0,1,L,4,7,4,artifacts/trending-topics/m510/flink/1000000,i0s0-fd8978c4e1abfdfd68360e1e788316b7,0,0,twitter-parser,,0.9980092478870926,27.92177083333333,88.15753124999999,97.19792291666666,topic-extractor,,0.3983584735064365,36.66229166666666,103.36739583333332,121.18936458333336,rolling-counter,,0.6493273249188041,93.33109375000001,171.774921875,193.1629770833333,popularity-detector,,0.013962176239156262,125.26354166666667,218.62958333333333,245.3677041666666
Trending Topics,flink,Trending Topics,1,m510,1000000,"10,40,40,40,1",10,40.0,1,XL,5,8,4,artifacts/trending-topics/m510/flink/1000000,i0s0-50227d1c6565aa4555224a32dabbe1c0,0,0,twitter-parser,,0.9999996172936876,30.145625,88.30316249999996,96.9908916666667,topic-extractor,,0.399200846405768,38.356791666666666,97.06985416666669,107.59435333333332,rolling-counter,,0.7723453493333352,93.711125,166.37136666666657,184.5415283333333,popularity-detector,,0.011855967965353693,129.54291666666663,215.2440666666666,237.67546666666667
Trending Topics,flink,Trending Topics,1,m510,1000000,"10,8,8,8,1",10,8.0,1,S,2,2,4,artifacts/trending-topics/m510/flink/1000000,i0s0-d9c0abcca4af9a3b1230b7cc1e76808f,0,0,twitter-parser,,0.999997112649517,37.927083333333336,105.72229166666662,122.86683333333337,topic-extractor,,0.3991582239361607,50.69874999999999,118.79787499999996,135.95393333333337,rolling-counter,,0.8228464211430349,91.39916666666669,199.8724791666666,235.54855833333332,popularity-detector,,0.0072103459436020385,102.46166666666667,211.45764583333332,247.05765833333325
Trending Topics,flink,Trending Topics,1,m510,1000000,"10,4,4,4,1",10,4.0,1,XS,1,1,4,artifacts/trending-topics/m510/flink/1000000,i0s0-3caad5f57d495f18cc21d5de3b1a934b,0,0,twitter-parser,,0.9999999631614579,53.742083333333305,100.53329166666668,107.57758333333334,topic-extractor,,0.3988826701223067,63.50416666666668,111.36183333333332,118.42123333333333,rolling-counter,,0.8836598702777392,86.25374999999998,218.03083333333342,243.18743333333336,popularity-detector,,0.004483818530858148,95.18875000000003,227.25358333333327,252.4922833333333
TrendingTopics,storm,Trending Topics,1,m510,500000,"10,8,8,8,1",10,8.0,1,S,2,2,4,artifacts/trending-topics/m510/storm/500000,i0s0-TrendingTopics-3-1758011301,0,0,,twitter-parser-bolt,1.000006271140275,0.014,0.053,0.053,,topic-extractor-bolt,0.3985242002110018,0.016,0.08,0.08,,rolling-counter-sliding-window-bolt,0.030525265328589832,0.001,0.001,0.001,,popularity-detector-bolt,0.034399848867363934,0.001,0.002,0.002
TrendingTopics,storm,Trending Topics,1,m510,500000,"10,40,40,40,1",10,40.0,1,XL,5,8,4,artifacts/trending-topics/m510/storm/500000,i0s0-TrendingTopics-5-1757979451,0,0,,twitter-parser-bolt,0.9999821778513199,0.019,0.083,0.083,,topic-extractor-bolt,0.39858334703357734,0.028,0.146,0.146,,rolling-counter-sliding-window-bolt,0.8899510491690831,0.002,0.006,0.006,,popularity-detector-bolt,0.022245404999556677,0.003,0.01,0.01
TrendingTopics,storm,Trending Topics,1,m510,500000,"10,32,32,32,1",10,32.0,1,L,4,7,4,artifacts/trending-topics/m510/storm/500000,i0s0-TrendingTopics-6-1758007993,0,0,,twitter-parser-bolt,0.9999591292296602,0.019,0.157,0.157,,topic-extractor-bolt,0.3981284836097399,0.027,0.179,0.179,,rolling-counter-sliding-window-bolt,0.6269651641732621,0.001,0.007,0.007,,popularity-detector-bolt,0.02871332188699695,0.002,0.004,0.004
TrendingTopics,storm,Trending Topics,1,m510,500000,"10,4,4,4,1",10,4.0,1,XS,1,1,4,artifacts/trending-topics/m510/storm/500000,i0s0-TrendingTopics-2-1758010764,0,0,,twitter-parser-bolt,0.9999970301850639,0.01,0.063,0.063,,topic-extractor-bolt,0.39856646464996465,0.011,0.055,0.055,,rolling-counter-sliding-window-bolt,0.018589687723494886,0.0,0.001,0.001,,popularity-detector-bolt,0.04088520761876961,0.002,0.002,0.002
TrendingTopics,storm,Trending Topics,1,m510,500000,"10,16,16,16,1",10,16.0,1,M,3,4,4,artifacts/trending-topics/m510/storm/500000,i0s0-TrendingTopics-5-1758012302,0,0,,twitter-parser-bolt,0.9999463234209709,0.018,0.062,0.062,,topic-extractor-bolt,0.39875195070596436,0.025,0.058,0.058,,rolling-counter-sliding-window-bolt,0.03781005899141754,0.001,0.002,0.002,,popularity-detector-bolt,0.03808546175795114,0.003,0.007,0.007
TrendingTopics,storm,Trending Topics,1,m510,500000,"10,2,2,2,1",10,2.0,1,XS,1,1,4,artifacts/trending-topics/m510/storm/500000,i0s0-TrendingTopics-1-1758010044,0,0,,twitter-parser-bolt,1.0000115196786221,0.008,0.01,0.01,,topic-extractor-bolt,0.39810147148900193,0.009,0.01,0.01,,rolling-counter-sliding-window-bolt,0.02593304666566182,0.0,0.001,0.001,,popularity-detector-bolt,0.027177912553607225,0.001,0.001,0.001
TrendingTopics,storm,Trending Topics,1,m510,100000,"10,40,40,40,1",10,40.0,1,XL,5,8,4,artifacts/trending-topics/m510/storm/100000,i0s0-TrendingTopics-4-1757978671,0,0,,twitter-parser-bolt,0.9999511952353269,0.015,0.091,0.091,,topic-extractor-bolt,0.3918031965030301,0.021,0.118,0.118,,rolling-counter-sliding-window-bolt,1.0,0.001,0.004,0.004,,popularity-detector-bolt,0.012090992600326088,0.002,0.011,0.011
TrendingTopics,storm,Trending Topics,1,m510,100000,"10,32,32,32,1",10,32.0,1,L,4,7,4,artifacts/trending-topics/m510/storm/100000,i0s0-TrendingTopics-3-1757978036,0,0,,twitter-parser-bolt,0.9999109025273649,0.014,0.069,0.069,,topic-extractor-bolt,0.3915054074779316,0.02,0.145,0.145,,rolling-counter-sliding-window-bolt,0.9433561152244292,0.001,0.003,0.003,,popularity-detector-bolt,0.01758351480541073,0.001,0.011,0.011
TrendingTopics,storm,Trending Topics,1,m510,100000,"10,16,16,16,1",10,16.0,1,M,3,4,4,artifacts/trending-topics/m510/storm/100000,i0s0-TrendingTopics-2-1757977286,0,0,,twitter-parser-bolt,1.00009003954814,0.015,0.048,0.048,,topic-extractor-bolt,0.39220841757393665,0.017,0.03,0.03,,rolling-counter-sliding-window-bolt,0.9999991590716825,0.001,0.002,0.002,,popularity-detector-bolt,0.015580167179642432,0.002,0.004,0.004
TrendingTopics,storm,Trending Topics,1,m510,100000,"10,8,8,8,1",10,8.0,1,S,2,2,4,artifacts/trending-topics/m510/storm/100000,i0s0-TrendingTopics-1-1757976810,0,0,,twitter-parser-bolt,0.9998508283494879,0.01,0.014,0.014,,topic-extractor-bolt,0.39896132418781205,0.013,0.016,0.016,,rolling-counter-sliding-window-bolt,0.999982712361353,0.001,0.001,0.001,,popularity-detector-bolt,0.007642115243718485,0.002,0.002,0.002
TrendingTopics,storm,Trending Topics,1,m510,100000,"10,4,4,4,1",10,4.0,1,XS,1,1,4,artifacts/trending-topics/m510/storm/100000,i0s0-TrendingTopics-58-1757975716,0,0,,twitter-parser-bolt,0.999985983276419,0.013,0.028,0.028,,topic-extractor-bolt,0.39369408490780716,0.016,0.023,0.023,,rolling-counter-sliding-window-bolt,0.9999759949870911,0.001,0.001,0.001,,popularity-detector-bolt,0.01008367054546839,0.001,0.002,0.002
TrendingTopics,storm,Trending Topics,1,m510,100000,"10,2,2,2,1",10,2.0,1,XS,1,1,4,artifacts/trending-topics/m510/storm/100000,i0s0-TrendingTopics-57-1757974754,0,0,,twitter-parser-bolt,1.0000035519872077,0.011,0.016,0.016,,topic-extractor-bolt,0.3945254801634052,0.013,0.014,0.014,,rolling-counter-sliding-window-bolt,0.03614197044310834,0.001,0.001,0.001,,popularity-detector-bolt,0.027957961351565145,0.002,0.002,0.002
TrendingTopics,storm,Trending Topics,1,m510,500000,"10,16,16,16,1",10,16.0,1,M,3,4,4,artifacts/trending-topics/m510/storm/1000000,i0s0-TrendingTopics-1-1758017992,0,0,,twitter-parser-bolt,1.000015966604045,0.017,0.021,0.021,,topic-extractor-bolt,0.39831146270109385,0.024,0.027,0.027,,rolling-counter-sliding-window-bolt,0.10722008985342374,0.001,0.001,0.001,,popularity-detector-bolt,0.02187711819729172,0.002,0.004,0.004
TrendingTopics,storm,Trending Topics,1,m510,1000000,"10,2,2,2,1",10,2.0,1,XS,1,1,4,artifacts/trending-topics/m510/storm/1000000,i0s0-TrendingTopics-6-1758012985,0,0,,twitter-parser-bolt,0.9999743716198244,0.008,0.024,0.024,,topic-extractor-bolt,0.39814230358847646,0.009,0.016,0.016,,rolling-counter-sliding-window-bolt,0.012477920683837391,0.0,0.001,0.001,,popularity-detector-bolt,0.024758411511603302,0.002,0.002,0.002
TrendingTopics,storm,Trending Topics,1,m510,1000000,"10,4,4,4,1",10,4.0,1,XS,1,1,4,artifacts/trending-topics/m510/storm/1000000,i0s0-TrendingTopics-7-1758013825,0,0,,twitter-parser-bolt,1.0000342480581281,0.01,0.03,0.03,,topic-extractor-bolt,0.3985202409863875,0.012,0.031,0.031,,rolling-counter-sliding-window-bolt,0.019535721323779134,0.001,0.001,0.001,,popularity-detector-bolt,0.030351266275575904,0.002,0.002,0.002
TrendingTopics,storm,Trending Topics,1,m510,500000,"10,32,32,32,1",10,32.0,1,L,4,7,4,artifacts/trending-topics/m510/storm/1000000,i0s0-TrendingTopics-2-1758018734,0,0,,twitter-parser-bolt,0.9999510684532578,0.017,0.087,0.087,,topic-extractor-bolt,0.398390329356887,0.026,0.161,0.161,,rolling-counter-sliding-window-bolt,0.7791994115551786,0.001,0.005,0.005,,popularity-detector-bolt,0.024542084430036432,0.002,0.008,0.008
TrendingTopics,storm,Trending Topics,1,m510,1000000,"10,8,8,8,1",10,8.0,1,S,2,2,4,artifacts/trending-topics/m510/storm/1000000,i0s0-TrendingTopics-8-1758014333,0,0,,twitter-parser-bolt,0.9999764007701364,0.015,0.06,0.06,,topic-extractor-bolt,0.3985520168495659,0.017,0.102,0.102,,rolling-counter-sliding-window-bolt,0.027387628286534946,0.001,0.003,0.003,,popularity-detector-bolt,0.04209130323896965,0.002,0.002,0.002
TrendingTopics,storm,Trending Topics,1,m510,1000000,"10,40,40,40,1",10,40.0,1,XL,5,8,4,artifacts/trending-topics/m510/storm/1000000,i0s0-TrendingTopics-20-1758066036,0,0,,twitter-parser-bolt,0.999995889984979,0.014,0.026,0.026,,topic-extractor-bolt,0.3989190020099855,0.02,0.042,0.042,,rolling-counter-sliding-window-bolt,0.8691144262320637,0.001,0.002,0.002,,popularity-detector-bolt,0.01839557824555283,0.001,0.001,0.0010199999999999819
Trending Topics,flink,Trending Topics,1,c6525-25g,500000,"10,48,48,48,1",10,48.0,1,XL,5,10,4,artifacts/trending-topics/c6525-25g/flink/500000,i0s0-ccdf0267e6e82f2e6d122e8208b25be9,0,0,twitter-parser,,1.0000001973699606,40.04284722222221,93.31064583333334,97.40225277777778,topic-extractor,,0.39915646874434607,65.43204861111116,147.95889236111117,165.4956847222222,rolling-counter,,0.7011465988396147,115.67479166666666,204.37328819444443,224.9131513888889,popularity-detector,,0.020426114745322205,159.84906250000003,261.87107291666666,285.5305597222223
Trending Topics,flink,Trending Topics,1,c6525-25g,500000,"10,32,32,32,1",10,32.0,1,L,4,7,4,artifacts/trending-topics/c6525-25g/flink/500000,i0s0-12c842a0479c26c25bdf292439eb4147,0,0,twitter-parser,,0.9999999471161534,38.97916666666668,93.36445312499998,97.57487499999999,topic-extractor,,0.39935603667819697,61.53052083333332,142.919828125,160.72737083333337,rolling-counter,,0.640615890069771,111.74385416666667,202.93063541666663,226.31236458333333,popularity-detector,,0.013839400671846863,153.635625,258.92227083333336,284.46029166666665
Trending Topics,flink,Trending Topics,1,c6525-25g,500000,"10,2,2,2,1",10,2.0,1,XS,1,1,4,artifacts/trending-topics/c6525-25g/flink/500000,i0s0-d611ce23660b6dafed319e6005930d34,0,0,twitter-parser,,0.9999997898482461,24.558333333333337,87.34683333333334,94.58550000000005,topic-extractor,,0.3989064639683998,30.792500000000025,99.07733333333337,108.89726666666658,rolling-counter,,0.8799542166140103,39.19083333333334,111.29200000000003,123.08456666666657,popularity-detector,,0.0043126845787658345,43.56333333333333,112.2483333333333,123.78236666666655
Trending Topics,flink,Trending Topics,1,c6525-25g,500000,"10,8,8,8,1",10,8.0,1,S,2,2,4,artifacts/trending-topics/c6525-25g/flink/500000,i0s0-7e69d75d8e5dae7705b8f5426db8c227,0,0,twitter-parser,,1.0000000282350778,35.27791666666667,92.74366666666667,97.28742500000003,topic-extractor,,0.3989364741648047,53.89854166666667,142.7294375,160.93709999999996,rolling-counter,,0.7891344282053424,104.51499999999999,188.18435416666665,206.62441666666672,popularity-detector,,0.007639519051015772,132.02645833333335,246.97970833333332,267.717725
Trending Topics,flink,Trending Topics,1,c6525-25g,500000,"10,4,4,4,1",10,4.0,1,XS,1,1,4,artifacts/trending-topics/c6525-25g/flink/500000,i0s0-5d80f2480faf878b0b9103009fce9c1c,0,0,twitter-parser,,0.9999997372379846,29.27833333333332,90.30341666666662,96.34956666666668,topic-extractor,,0.3989394028889003,39.14333333333335,109.84770833333334,120.1834,rolling-counter,,0.8216011597187771,62.82999999999999,144.22499999999997,165.24709999999996,popularity-detector,,0.005299109503097741,73.17041666666665,164.99120833333336,188.57880000000006
Trending Topics,flink,Trending Topics,1,c6525-25g,500000,"10,72,72,72,1",10,72.0,1,XXL,6,15,4,artifacts/trending-topics/c6525-25g/flink/500000,i0s0-5bd855912a9fdc09ac5a08e7ca34899c,0,0,twitter-parser,,1.0000000000000002,42.792824074074076,93.73739351851853,97.62108981481481,topic-extractor,,0.39960019085912646,71.69432870370372,150.79006481481485,166.45799629629627,rolling-counter,,0.4786934692706649,122.84946759259259,208.22363425925926,228.43750648148145,popularity-detector,,0.020449666902644912,170.31240740740736,266.50810879629626,290.55408148148166
Trending Topics,flink,Trending Topics,1,c6525-25g,500000,"10,80,80,80,1",10,80.0,1,XXL,6,16,4,artifacts/trending-topics/c6525-25g/flink/500000,i0s0-e692b4ab1beb4f62018c4a302dc20bd3,0,0,twitter-parser,,1.0000000282588255,43.54666666666666,94.00073333333332,97.86108083333333,topic-extractor,,0.3996613957455055,68.55033333333331,138.7766333333334,155.44915666666665,rolling-counter,,0.49734592427010615,118.00568750000001,202.9010645833333,222.52491500000002,popularity-detector,,0.0284702060367613,165.13424999999992,260.7324291666667,283.44728416666675
Trending Topics,flink,Trending Topics,1,c6525-25g,500000,"10,16,16,16,1",10,16.0,1,M,3,4,4,artifacts/trending-topics/c6525-25g/flink/500000,i0s0-fc2e6bdc7192482ae67fc43f085b6367,0,0,twitter-parser,,1.0000005668367138,35.9703125,92.47268749999999,97.11566666666666,topic-extractor,,0.39904910058565657,47.982708333333335,117.04966666666665,137.38427500000003,rolling-counter,,0.7577958431910935,101.96145833333333,184.75227083333334,202.25406249999997,popularity-detector,,0.009653438614037425,131.93427083333333,226.93295833333332,250.68920416666663
Trending Topics,flink,Trending Topics,1,c6525-25g,500000,"10,40,40,40,1",10,40.0,1,XL,5,8,4,artifacts/trending-topics/c6525-25g/flink/500000,i0s0-67ba0516237ba597725207f50eb11024,0,0,twitter-parser,,0.9999991759950114,38.466499999999996,92.6200416666667,97.02693333333335,topic-extractor,,0.39939199848462514,51.52008333333334,110.08129583333334,125.24054833333335,rolling-counter,,0.7900040788327266,101.87700000000002,180.48945416666666,197.78821833333336,popularity-detector,,0.014476262566577677,144.647375,234.9601958333333,255.53269500000005
Trending Topics,flink,Trending Topics,1,c6525-25g,500000,"10,64,64,64,1",10,64.0,1,XXL,6,13,4,artifacts/trending-topics/c6525-25g/flink/500000,i0s0-c108d5aaaea0085d8c1bb3fa454eacf8,0,0,twitter-parser,,1.0,42.310859375,93.96975260416662,97.98783333333334,topic-extractor,,0.39947072304827624,66.95385416666666,144.65188281250002,160.80622187500003,rolling-counter,,0.5057739379940585,118.40252604166669,204.00967187499998,224.10643229166666,popularity-detector,,0.024670291601980452,164.55346354166664,263.1852682291667,286.9284875000001
Trending Topics,flink,Trending Topics,1,c6525-25g,100000,"10,32,32,32,1",10,32.0,1,L,4,7,4,artifacts/trending-topics/c6525-25g/flink/100000,i0s0-3920de392baf4427fdf159ba611c1182,0,0,twitter-parser,,0.9999953132084372,47.289635416666655,94.73876041666666,98.04070833333334,topic-extractor,,0.3947403598856053,85.875625,149.17495312500003,159.26300208333336,rolling-counter,,0.6618466392934005,135.1334375,210.47557291666666,233.8500645833334,popularity-detector,,0.024919384037191548,185.1678125,270.48698437499996,295.42577083333333
Trending Topics,flink,Trending Topics,1,c6525-25g,100000,"10,72,72,72,1",10,72.0,1,XXL,6,15,4,artifacts/trending-topics/c6525-25g/flink/100000,i0s0-8ff33707455121a0b70fb2f29378d2ea,0,0,twitter-parser,,1.0,48.514097222222226,94.88026620370368,98.13910833333334,topic-extractor,,0.3952264316998255,92.6207175925926,161.52127777777778,174.095075,rolling-counter,,0.4756641147122256,137.8757407407407,220.46678935185184,241.63688888888888,popularity-detector,,0.0402820312191396,190.17731481481482,280.9964351851852,305.984687962963
Trending Topics,flink,Trending Topics,1,c6525-25g,100000,"10,48,48,48,1",10,48.0,1,XL,5,10,4,artifacts/trending-topics/c6525-25g/flink/100000,i0s0-6b758250b13b0d31fb365325886e4a9d,0,0,twitter-parser,,0.9999999999999997,48.175104166666664,95.09358333333331,98.43042916666664,topic-extractor,,0.394214948713008,89.01902777777777,157.31737847222223,167.78572361111108,rolling-counter,,0.7467510251086776,137.47427083333332,211.94651736111112,230.28371666666663,popularity-detector,,0.028413899382212462,189.86423611111115,270.3323888888888,287.9509611111112
Trending Topics,flink,Trending Topics,1,c6525-25g,100000,"10,4,4,4,1",10,4.0,1,XS,1,1,4,artifacts/trending-topics/c6525-25g/flink/100000,i0s0-0ae76b4825f653ad13eb5e5a4a6e8683,0,0,twitter-parser,,0.9999997159178662,45.81583333333334,94.74108333333334,98.05016666666667,topic-extractor,,0.39321282740008445,77.68458333333331,153.88216666666665,171.30643333333325,rolling-counter,,0.8931941542808685,120.75291666666672,207.1365833333334,226.58840000000004,popularity-detector,,0.0044781070264919695,156.43708333333336,257.24895833333335,278.9518166666667
Trending Topics,flink,Trending Topics,1,c6525-25g,100000,"10,8,8,8,1",10,8.0,1,S,2,2,4,artifacts/trending-topics/c6525-25g/flink/100000,i0s0-14a86bb4d0007d058c2cc735b5714999,0,0,twitter-parser,,0.9999999764700968,45.276875,94.49568749999997,97.90286666666665,topic-extractor,,0.39333641892372034,76.463125,148.46191666666667,163.4966750000001,rolling-counter,,0.8333143687164036,119.95583333333335,196.36810416666665,212.9566916666667,popularity-detector,,0.007186027625558799,168.18541666666664,254.46660416666666,269.9247666666667
Trending Topics,flink,Trending Topics,1,c6525-25g,100000,"10,16,16,16,1",10,16.0,1,M,3,4,4,artifacts/trending-topics/c6525-25g/flink/100000,i0s0-a74cf221e8cee3c59b9c0ff62d933715,0,0,twitter-parser,,1.0,46.561145833333335,94.72135416666667,98.06477500000001,topic-extractor,,0.39357388269519894,83.18437500000002,152.86671875000002,166.47602083333334,rolling-counter,,0.7732558233799522,130.02312500000002,207.97447916666664,226.03061666666662,popularity-detector,,0.01173997690814545,180.67625000000004,265.90678125,285.4083166666666
Trending Topics,flink,Trending Topics,1,c6525-25g,100000,"10,64,64,64,1",10,64.0,1,XXL,6,13,4,artifacts/trending-topics/c6525-25g/flink/100000,i0s0-d2204d55bf8f7ccd58d4d074b7a00077,0,0,twitter-parser,,1.0,48.28205729166665,94.74086979166667,97.99852604166664,topic-extractor,,0.3951336028601427,88.61736979166668,154.96374999999995,169.60030833333334,rolling-counter,,0.5767290392923242,136.052578125,209.92849218749993,229.06116562499997,popularity-detector,,0.04960763669303058,186.04848958333335,269.3063984375001,291.6808552083334
Trending Topics,flink,Trending Topics,1,c6525-25g,100000,"10,2,2,2,1",10,2.0,1,XS,1,1,4,artifacts/trending-topics/c6525-25g/flink/100000,i0s0-2200721bdbe2009c01707186a7f916a0,0,0,twitter-parser,,0.999998440137576,43.68833333333333,93.81866666666669,97.22686666666661,topic-extractor,,0.3931754095624854,71.36500000000001,142.03525,156.00560000000002,rolling-counter,,0.857197393539196,110.62833333333333,193.32241666666667,208.14326666666665,popularity-detector,,0.004633242952140846,153.03499999999997,248.85141666666664,266.71466666666674
Trending Topics,flink,Trending Topics,1,c6525-25g,100000,"10,80,80,80,1",10,80.0,1,XXL,6,16,4,artifacts/trending-topics/c6525-25g/flink/100000,i0s0-c327a67f2c1e4e856a995deb6e0bf5f6,0,0,twitter-parser,,1.0,48.655541666666664,94.88607499999998,98.09134749999998,topic-extractor,,0.39448232385291904,91.52912500000001,157.91048124999998,171.21104749999998,rolling-counter,,0.5410626127051077,139.66149999999996,213.3071854166667,231.28573666666668,popularity-detector,,0.05188789914538143,189.96195833333334,273.3453583333333,294.8929191666667
Trending Topics,flink,Trending Topics,1,c6525-25g,100000,"10,40,40,40,1",10,40.0,1,XL,5,8,4,artifacts/trending-topics/c6525-25g/flink/100000,i0s0-cd3e6c6fe6af61c4a3c9b7e29c5e7c27,0,0,twitter-parser,,0.9999995056141641,47.32979166666666,94.6455708333333,97.94553666666665,topic-extractor,,0.39445277431909437,83.9343333333333,152.51156666666665,168.1899083333333,rolling-counter,,0.8112423540893063,131.34204166666666,212.35698333333335,232.28411666666665,popularity-detector,,0.031059994029705752,180.93729166666668,271.70637916666664,295.12996166666665
Trending Topics,flink,Trending Topics,1,c6525-25g,1000000,"10,64,64,64,1",10,64.0,1,XXL,6,13,4,artifacts/trending-topics/c6525-25g/flink/1000000,i0s0-5bcf03698f992d08d23896e07539fee2,0,0,twitter-parser,,1.0000000000000007,35.490546875000014,91.47367187500001,96.6764802083333,topic-extractor,,0.39935886858084646,48.95921874999999,115.13645052083332,133.82564166666674,rolling-counter,,0.49390849593350256,101.56619791666665,182.65935156250006,201.83284062499996,popularity-detector,,0.02373999086267981,142.68307291666665,237.96768229166665,262.1456979166668
Trending Topics,flink,Trending Topics,1,c6525-25g,1000000,"10,2,2,2,1",10,2.0,1,XS,1,1,4,artifacts/trending-topics/c6525-25g/flink/1000000,i0s0-1e1efbc8d2a7a598eb57d30ef41cc8d5,0,0,twitter-parser,,1.0000000035558907,29.407500000000002,60.349750000000014,61.98560000000001,topic-extractor,,0.3989272497421616,32.982499999999995,63.94208333333333,65.68709999999999,rolling-counter,,0.9066440048981443,42.17916666666665,106.42183333333331,130.368,popularity-detector,,0.003949917611484606,48.06916666666666,112.57074999999996,136.48496666666665
Trending Topics,flink,Trending Topics,1,c6525-25g,1000000,"10,72,72,72,1",10,72.0,1,XXL,6,15,4,artifacts/trending-topics/c6525-25g/flink/1000000,i0s0-61b4cbe6ec02725c0433147f895d58c7,0,0,twitter-parser,,1.0000017578395493,36.93824074074075,92.35029398148146,97.13694814814814,topic-extractor,,0.39952776846293486,57.07104166666669,142.8130023148148,161.14318240740738,rolling-counter,,0.45988564039358687,111.97069444444443,201.06300231481478,225.6668537037037,popularity-detector,,0.01733401406378584,155.0705092592593,258.5749768518518,285.899248148148
Trending Topics,flink,Trending Topics,1,c6525-25g,1000000,"10,8,8,8,1",10,8.0,1,S,2,2,4,artifacts/trending-topics/c6525-25g/flink/1000000,i0s0-3fed7651049ef567fe0ec27d2e02a904,0,0,twitter-parser,,1.0000000682907833,26.089375,88.96425000000002,95.61362500000001,topic-extractor,,0.39902886463814163,32.811250000000015,107.89237499999997,127.46785000000004,rolling-counter,,0.7844914740836025,77.72499999999998,166.37689583333324,186.19555833333328,popularity-detector,,0.007929698864732753,91.76812499999998,198.18531249999995,223.3602083333334
Trending Topics,flink,Trending Topics,1,c6525-25g,1000000,"10,40,40,40,1",10,40.0,1,XL,5,8,4,artifacts/trending-topics/c6525-25g/flink/1000000,i0s0-38f33c1dd30ef339cdfd21621aa85806,0,0,twitter-parser,,1.002383428468803,31.228624999999994,90.58317916666668,96.27842666666666,topic-extractor,,0.4003094431277116,42.839791666666656,127.46484583333331,150.2502633333333,rolling-counter,,0.7326805402414525,99.0562083333333,188.3737625,212.37347333333335,popularity-detector,,0.011138052584223783,134.956125,240.00719999999998,265.10246833333326
Trending Topics,flink,Trending Topics,1,c6525-25g,1000000,"10,32,32,32,1",10,32.0,1,L,4,7,4,artifacts/trending-topics/c6525-25g/flink/1000000,i0s0-6673d464522805367641fcc396731d89,0,0,twitter-parser,,0.9999999150536979,30.0971875,90.2159583333333,96.12881874999998,topic-extractor,,0.3993337386268403,39.15927083333332,110.77510416666664,133.0588208333333,rolling-counter,,0.625023998752236,94.89651041666667,177.53672916666665,198.38840000000002,popularity-detector,,0.013921515030769055,127.08911458333333,226.77767708333337,253.5054020833333
Trending Topics,flink,Trending Topics,1,c6525-25g,1000000,"10,4,4,4,1",10,4.0,1,XS,1,1,4,artifacts/trending-topics/c6525-25g/flink/1000000,i0s0-ec0159495cca8f0734a414c124d1fb58,0,0,twitter-parser,,1.0000002014079306,23.514583333333338,86.15795833333334,94.73435,topic-extractor,,0.3989133184324475,29.647083333333327,100.73816666666666,117.37338333333334,rolling-counter,,0.832632175466881,50.29750000000001,138.07916666666665,163.52444999999994,popularity-detector,,0.005288419861035081,59.66875,165.82554166666662,194.13081666666665
Trending Topics,flink,Trending Topics,1,c6525-25g,1000000,"10,16,16,16,1",10,16.0,1,M,3,4,4,artifacts/trending-topics/c6525-25g/flink/1000000,i0s0-24fe0fd6a4c00d13db186d870dfabdb5,0,0,twitter-parser,,0.9999992639077601,27.007499999999997,89.52901041666667,95.8920625,topic-extractor,,0.3990574530201049,34.7665625,122.53645833333331,146.8727083333334,rolling-counter,,0.7254592462371291,91.17604166666666,184.59013541666664,207.22192500000003,popularity-detector,,0.009962106256466803,110.686875,228.68063541666663,256.49640833333336
Trending Topics,flink,Trending Topics,1,c6525-25g,1000000,"10,80,80,80,1",10,80.0,1,XXL,6,16,4,artifacts/trending-topics/c6525-25g/flink/1000000,i0s0-8fda89c65aac78a8556b378ab679ae91,0,0,twitter-parser,,0.9999999999999996,37.33268750000001,91.9288895833333,96.85386916666668,topic-extractor,,0.39947268945719855,53.117312500000004,127.46711249999996,149.28068583333337,rolling-counter,,0.47979416937515856,106.29225000000004,190.34152916666676,211.01604749999998,popularity-detector,,0.0212237646317642,149.70677083333334,246.49936458333332,271.2470758333334
Trending Topics,flink,Trending Topics,1,c6525-25g,1000000,"10,48,48,48,1",10,48.0,1,XL,5,10,4,artifacts/trending-topics/c6525-25g/flink/1000000,i0s0-0e415e81532f2b321fc186683871b592,0,0,twitter-parser,,1.0,33.46190972222224,91.65392708333334,96.79126666666666,topic-extractor,,0.39935456182411727,50.61444444444445,138.48505208333336,156.6996319444445,rolling-counter,,0.6361538193935515,106.56274305555553,194.68396527777782,215.89012499999998,popularity-detector,,0.018917564201198042,145.70447916666663,249.19723958333333,271.7528611111112
TrendingTopics,storm,Trending Topics,1,c6525-25g,500000,"10,2,2,2,1",10,2.0,1,XS,1,1,4,artifacts/trending-topics/c6525-25g/storm/500000,i0s0-TrendingTopics-34-1759264733,0,0,,twitter-parser-bolt,0.9999943233522622,0.003,0.003,0.003,,topic-extractor-bolt,0.3986362480248019,0.003,0.003,0.003,,rolling-counter-sliding-window-bolt,0.012932120137193208,0.0,0.0,0.0,,popularity-detector-bolt,0.04938630678843581,0.001,0.001,0.001
TrendingTopics,storm,Trending Topics,1,c6525-25g,500000,"10,8,8,8,1",10,8.0,1,S,2,2,4,artifacts/trending-topics/c6525-25g/storm/500000,i0s0-TrendingTopics-36-1759266687,0,0,,twitter-parser-bolt,0.9999955216500082,0.004,0.005,0.005,,topic-extractor-bolt,0.3990943600214557,0.005,0.005,0.005,,rolling-counter-sliding-window-bolt,0.018763213490572892,0.0,0.0,0.0,,popularity-detector-bolt,0.06939537741416527,0.001,0.001,0.001
TrendingTopics,storm,Trending Topics,1,c6525-25g,500000,"10,32,32,32,1",10,32.0,1,L,4,7,4,artifacts/trending-topics/c6525-25g/storm/500000,i0s0-TrendingTopics-38-1759267896,0,0,,twitter-parser-bolt,1.0000133162385112,0.006,0.008,0.008,,topic-extractor-bolt,0.39909423780958675,0.007,0.009,0.009,,rolling-counter-sliding-window-bolt,0.8479650627410037,0.0,0.001,0.001,,popularity-detector-bolt,0.02589799306069646,0.001,0.001,0.001
TrendingTopics,storm,Trending Topics,1,c6525-25g,500000,"10,72,72,72,1",10,72.0,1,XXL,6,15,4,artifacts/trending-topics/c6525-25g/storm/500000,i0s0-TrendingTopics-43-1759270397,0,0,,twitter-parser-bolt,1.0000377607020332,0.006,0.012,0.012,,topic-extractor-bolt,0.3991121604572993,0.009,0.015,0.015,,rolling-counter-sliding-window-bolt,0.9999798703148938,0.001,0.001,0.001,,popularity-detector-bolt,0.02471702839431318,0.001,0.001,0.001
TrendingTopics,storm,Trending Topics,1,c6525-25g,500000,"10,80,80,80,1",10,80.0,1,XXL,6,16,4,artifacts/trending-topics/c6525-25g/storm/500000,i0s0-TrendingTopics-44-1759270969,0,0,,twitter-parser-bolt,0.9999310386809146,0.008,0.011,0.011,,topic-extractor-bolt,0.39903808290894355,0.013,0.018,0.018,,rolling-counter-sliding-window-bolt,1.0000010668828883,0.001,0.001,0.001,,popularity-detector-bolt,0.02536507506350871,0.001,0.002,0.002
TrendingTopics,storm,Trending Topics,1,c6525-25g,500000,"10,16,16,16,1",10,16.0,1,M,3,4,4,artifacts/trending-topics/c6525-25g/storm/500000,i0s0-TrendingTopics-37-1759267258,0,0,,twitter-parser-bolt,0.9999910734644766,0.005,0.006,0.006,,topic-extractor-bolt,0.399094468571877,0.006,0.007,0.007,,rolling-counter-sliding-window-bolt,0.5690121772815001,0.0,0.001,0.001,,popularity-detector-bolt,0.011630743792024363,0.001,0.001,0.001
TrendingTopics,storm,Trending Topics,1,c6525-25g,500000,"10,4048,48,48,1",10,1381.3333333333333,1,XXL,6,16,4,artifacts/trending-topics/c6525-25g/storm/500000,i0s0-TrendingTopics-40-1759268881,0,0,,twitter-parser-bolt,0.9996981016632586,0.11,0.499,0.499,,topic-extractor-bolt,0.3827558465260094,0.031,0.101,0.101,,rolling-counter-sliding-window-bolt,0.9999602135447563,0.003,0.011,0.011,,popularity-detector-bolt,0.00532571139130592,0.006,0.033,0.033
TrendingTopics,storm,Trending Topics,1,c6525-25g,500000,"10,48,48,48,1",10,48.0,1,XL,5,10,4,artifacts/trending-topics/c6525-25g/storm/500000,i0s0-TrendingTopics-41-1759269373,0,0,,twitter-parser-bolt,0.999958882893071,0.005,0.009,0.009,,topic-extractor-bolt,0.3991092529413856,0.007,0.012,0.012,,rolling-counter-sliding-window-bolt,0.966320516072716,0.0,0.001,0.001,,popularity-detector-bolt,0.013750025317998042,0.001,0.002,0.002
TrendingTopics,storm,Trending Topics,1,c6525-25g,500000,"10,40,40,40,1",10,40.0,1,XL,5,8,4,artifacts/trending-topics/c6525-25g/storm/500000,i0s0-TrendingTopics-39-1759268388,0,0,,twitter-parser-bolt,0.9999880536805109,0.005,0.01,0.01,,topic-extractor-bolt,0.39910902111674995,0.006,0.01,0.01,,rolling-counter-sliding-window-bolt,0.9780463494793747,0.0,0.001,0.001,,popularity-detector-bolt,0.025791976862446768,0.001,0.001,0.001
TrendingTopics,storm,Trending Topics,1,c6525-25g,500000,"10,4,4,4,1",10,4.0,1,XS,1,1,4,artifacts/trending-topics/c6525-25g/storm/500000,i0s0-TrendingTopics-35-1759265835,0,0,,twitter-parser-bolt,1.0000131304434294,0.003,0.004,0.004,,topic-extractor-bolt,0.3984383033892555,0.004,0.004,0.004,,rolling-counter-sliding-window-bolt,0.010949270373584495,0.0,0.0,0.0,,popularity-detector-bolt,0.041636201956328424,0.001,0.001,0.001
TrendingTopics,storm,Trending Topics,1,c6525-25g,500000,"10,64,64,64,1",10,64.0,1,XXL,6,13,4,artifacts/trending-topics/c6525-25g/storm/500000,i0s0-TrendingTopics-42-1759269887,0,0,,twitter-parser-bolt,1.0000123013967734,0.006,0.011,0.011,,topic-extractor-bolt,0.3989909368935057,0.008,0.017,0.017,,rolling-counter-sliding-window-bolt,0.9817220892086822,0.001,0.001,0.001,,popularity-detector-bolt,0.023437141103115906,0.001,0.001,0.001
TrendingTopics,storm,Trending Topics,1,c6525-25g,100000,"10,32,32,32,1",10,32.0,1,L,4,7,4,artifacts/trending-topics/c6525-25g/storm/100000,i0s0-TrendingTopics-28-1759250613,0,0,,twitter-parser-bolt,0.9999962511820492,0.005,0.009,0.009,,topic-extractor-bolt,0.39715396304507017,0.006,0.011,0.011,,rolling-counter-sliding-window-bolt,0.9999866269565942,0.0,0.001,0.001,,popularity-detector-bolt,0.01704070305782322,0.001,0.001,0.001
TrendingTopics,storm,Trending Topics,1,c6525-25g,100000,"10,8,8,8,1",10,8.0,1,S,2,2,4,artifacts/trending-topics/c6525-25g/storm/100000,i0s0-TrendingTopics-26-1759249170,0,0,,twitter-parser-bolt,0.9999418303495996,0.003,0.005,0.005,,topic-extractor-bolt,0.3980964653257064,0.004,0.006,0.006,,rolling-counter-sliding-window-bolt,0.9999930445803757,0.0,0.0,0.0,,popularity-detector-bolt,0.01624829184128489,0.0,0.001,0.001
TrendingTopics,storm,Trending Topics,1,c6525-25g,100000,"10,16,16,16,1",10,16.0,1,M,3,4,4,artifacts/trending-topics/c6525-25g/storm/100000,i0s0-TrendingTopics-27-1759250067,0,0,,twitter-parser-bolt,0.9999057435718793,0.004,0.007,0.007,,topic-extractor-bolt,0.39873521546769286,0.005,0.007,0.007,,rolling-counter-sliding-window-bolt,0.9999854550465246,0.0,0.0,0.0,,popularity-detector-bolt,0.017194493902322285,0.001,0.001,0.001
TrendingTopics,storm,Trending Topics,1,c6525-25g,100000,"10,40,40,40,1",10,40.0,1,XL,5,8,4,artifacts/trending-topics/c6525-25g/storm/100000,i0s0-TrendingTopics-29-1759251135,0,0,,twitter-parser-bolt,1.000120923172465,0.004,0.007,0.007,,topic-extractor-bolt,0.39889327649813444,0.005,0.008,0.008,,rolling-counter-sliding-window-bolt,0.9999778951789385,0.0,0.001,0.001,,popularity-detector-bolt,0.015116482065520256,0.001,0.002,0.002
TrendingTopics,storm,Trending Topics,1,c6525-25g,100000,"10,2,2,2,1",10,2.0,1,XS,1,1,4,artifacts/trending-topics/c6525-25g/storm/100000,i0s0-TrendingTopics-24-1759247241,0,0,,twitter-parser-bolt,0.9999270228614456,0.003,0.003,0.003,,topic-extractor-bolt,0.39909130169705853,0.003,0.004,0.004,,rolling-counter-sliding-window-bolt,0.5425837689042036,0.0,0.0,0.0,,popularity-detector-bolt,0.016269643033567618,0.0,0.001,0.001
TrendingTopics,storm,Trending Topics,1,c6525-25g,100000,"10,4,4,4,1",10,4.0,1,XS,1,1,4,artifacts/trending-topics/c6525-25g/storm/100000,i0s0-TrendingTopics-25-1759248625,0,0,,twitter-parser-bolt,0.9999905754909258,0.003,0.004,0.004,,topic-extractor-bolt,0.39896720173412004,0.004,0.004,0.004,,rolling-counter-sliding-window-bolt,0.9999992386683395,0.0,0.0,0.0,,popularity-detector-bolt,0.018013168593938915,0.0,0.0,0.0
TrendingTopics,storm,Trending Topics,1,c6525-25g,100000,"10,80,80,80,1",10,80.0,1,XXL,6,16,4,artifacts/trending-topics/c6525-25g/storm/100000,i0s0-TrendingTopics-33-1759263884,0,0,,twitter-parser-bolt,1.0001053678486551,0.004,0.008,0.008,,topic-extractor-bolt,0.39841047358661286,0.005,0.011,0.011,,rolling-counter-sliding-window-bolt,0.999986941328927,0.001,0.001,0.001,,popularity-detector-bolt,0.015837898338468725,0.001,0.001,0.001
TrendingTopics,storm,Trending Topics,1,c6525-25g,100000,"10,64,64,64,1",10,64.0,1,XXL,6,13,4,artifacts/trending-topics/c6525-25g/storm/100000,i0s0-TrendingTopics-31-1759262014,0,0,,twitter-parser-bolt,1.0000423496961717,0.005,0.012,0.012,,topic-extractor-bolt,0.398263954421515,0.006,0.011,0.011,,rolling-counter-sliding-window-bolt,0.999973024320502,0.001,0.001,0.001,,popularity-detector-bolt,0.0141872013824178,0.001,0.002,0.002
TrendingTopics,storm,Trending Topics,1,c6525-25g,100000,"10,48,48,48,1",10,48.0,1,XL,5,10,4,artifacts/trending-topics/c6525-25g/storm/100000,i0s0-TrendingTopics-30-1759251801,0,0,,twitter-parser-bolt,0.9999446351284852,0.004,0.01,0.01,,topic-extractor-bolt,0.3977955914922623,0.006,0.01,0.01,,rolling-counter-sliding-window-bolt,0.9999782168635707,0.001,0.001,0.001,,popularity-detector-bolt,0.013758655089714118,0.001,0.002,0.002
TrendingTopics,storm,Trending Topics,1,c6525-25g,100000,"10,72,72,72,1",10,72.0,1,XXL,6,15,4,artifacts/trending-topics/c6525-25g/storm/100000,i0s0-TrendingTopics-32-1759263227,0,0,,twitter-parser-bolt,1.0001658281423587,0.005,0.013,0.013,,topic-extractor-bolt,0.3980817724368514,0.007,0.013,0.013,,rolling-counter-sliding-window-bolt,0.9999806750588445,0.001,0.001,0.001,,popularity-detector-bolt,0.014027929069471687,0.001,0.003,0.003
TrendingTopics,storm,Trending Topics,1,c6525-25g,1000000,"10,32,32,32,1",10,32.0,1,L,4,7,4,artifacts/trending-topics/c6525-25g/storm/1000000,i0s0-TrendingTopics-3-1759287235,0,0,,twitter-parser-bolt,1.0000076950122212,0.008,0.01,0.01,,topic-extractor-bolt,0.3987403948149509,0.009,0.011,0.011,,rolling-counter-sliding-window-bolt,0.6042930149014976,0.0,0.001,0.001,,popularity-detector-bolt,0.015251499694669527,0.001,0.001,0.001
TrendingTopics,storm,Trending Topics,1,c6525-25g,1000000,"10,48,48,48,1",10,48.0,1,XL,5,10,4,artifacts/trending-topics/c6525-25g/storm/1000000,i0s0-TrendingTopics-5-1759293421,0,0,,twitter-parser-bolt,0.9999573582987556,0.007,0.01,0.01,,topic-extractor-bolt,0.39904900848857794,0.009,0.013,0.013,,rolling-counter-sliding-window-bolt,0.9999825247765901,0.0,0.001,0.001,,popularity-detector-bolt,0.025532037474748175,0.001,0.001,0.001
TrendingTopics,storm,Trending Topics,1,c6525-25g,1000000,"10,16,16,16,1",10,16.0,1,M,3,4,4,artifacts/trending-topics/c6525-25g/storm/1000000,i0s0-TrendingTopics-2-1759285649,0,0,,twitter-parser-bolt,0.9999908907987709,0.006,0.007,0.007,,topic-extractor-bolt,0.39899950164436554,0.007,0.008,0.008,,rolling-counter-sliding-window-bolt,0.07178914057527877,0.0,0.0,0.0,,popularity-detector-bolt,0.030889735961323914,0.001,0.001,0.001
TrendingTopics,storm,Trending Topics,1,c6525-25g,1000000,"10,80,80,80,1",10,80.0,1,XXL,6,16,4,artifacts/trending-topics/c6525-25g/storm/1000000,i0s0-TrendingTopics-8-1759299278,0,0,,twitter-parser-bolt,1.0000092111632377,0.006,0.012,0.012,,topic-extractor-bolt,0.39923303719159764,0.009,0.016,0.016,,rolling-counter-sliding-window-bolt,0.999984687747393,0.001,0.001,0.001,,popularity-detector-bolt,0.0254525190416269,0.001,0.003,0.003
TrendingTopics,storm,Trending Topics,1,c6525-25g,1000000,"10,80,80,80,1",10,80.0,1,XXL,6,16,4,artifacts/trending-topics/c6525-25g/storm/1000000,i0s0-TrendingTopics-9-1759302390,0,0,,twitter-parser-bolt,1.0000429517517604,0.006,0.012,0.012,,topic-extractor-bolt,0.39837246367588613,0.009,0.021,0.021,,rolling-counter-sliding-window-bolt,0.9999998018016232,0.001,0.001,0.001,,popularity-detector-bolt,0.026642845661410466,0.001,0.002,0.002
TrendingTopics,storm,Trending Topics,1,c6525-25g,1000000,"10,2,2,2,1",10,2.0,1,XS,1,1,4,artifacts/trending-topics/c6525-25g/storm/1000000,i0s0-TrendingTopics-45-1759271457,0,0,,twitter-parser-bolt,0.9999891157235204,0.003,0.004,0.004,,topic-extractor-bolt,0.39861798038873597,0.003,0.003,0.003,,rolling-counter-sliding-window-bolt,0.008053103024325657,0.0,0.0,0.0,,popularity-detector-bolt,0.0490845457437885,0.001,0.001,0.001
TrendingTopics,storm,Trending Topics,1,c6525-25g,1000000,"10,72,72,72,1",10,72.0,1,XXL,6,15,4,artifacts/trending-topics/c6525-25g/storm/1000000,i0s0-TrendingTopics-7-1759298464,0,0,,twitter-parser-bolt,1.000035598795295,0.007,0.011,0.011,,topic-extractor-bolt,0.39877075143577206,0.012,0.015,0.015,,rolling-counter-sliding-window-bolt,0.9999802547288439,0.001,0.001,0.001,,popularity-detector-bolt,0.024688799793110033,0.001,0.001,0.001
TrendingTopics,storm,Trending Topics,1,c6525-25g,1000000,"10,40,40,40,1",10,40.0,1,XL,5,8,4,artifacts/trending-topics/c6525-25g/storm/1000000,i0s0-TrendingTopics-4-1759288136,0,0,,twitter-parser-bolt,0.9999644136708049,0.007,0.009,0.009,,topic-extractor-bolt,0.3986627967632793,0.009,0.012,0.012,,rolling-counter-sliding-window-bolt,0.9226441919943331,0.0,0.001,0.001,,popularity-detector-bolt,0.0285960811918258,0.001,0.001,0.001
TrendingTopics,storm,Trending Topics,1,c6525-25g,1000000,"10,64,64,64,1",10,64.0,1,XXL,6,13,4,artifacts/trending-topics/c6525-25g/storm/1000000,i0s0-TrendingTopics-6-1759296995,0,0,,twitter-parser-bolt,0.9999962879912302,0.007,0.011,0.011,,topic-extractor-bolt,0.39882973737871846,0.011,0.015,0.015,,rolling-counter-sliding-window-bolt,0.9999878488001903,0.001,0.001,0.001,,popularity-detector-bolt,0.024108638498093762,0.001,0.002,0.002
TrendingTopics,storm,Trending Topics,1,c6525-25g,1000000,"10,8,8,8,1",10,8.0,1,S,2,2,4,artifacts/trending-topics/c6525-25g/storm/1000000,i0s0-TrendingTopics-1-1759282827,0,0,,twitter-parser-bolt,1.0000052690886236,0.004,0.004,0.004159999999999855,,topic-extractor-bolt,0.39876748921285216,0.005,0.005,0.005179999999999837,,rolling-counter-sliding-window-bolt,0.01609818686262083,0.0,0.0,1.999999999998181e-05,,popularity-detector-bolt,0.05351561962193493,0.001,0.001,0.0010599999999999455
TrendingTopics,storm,Trending Topics,1,c6525-25g,1000000,"10,4,4,4,1",10,4.0,1,XS,1,1,4,artifacts/trending-topics/c6525-25g/storm/1000000,i0s0-TrendingTopics-46-1759271945,0,0,,twitter-parser-bolt,1.000006519077469,0.003,0.004,0.004,,topic-extractor-bolt,0.39875607629207427,0.004,0.005,0.005,,rolling-counter-sliding-window-bolt,0.012077306243929048,0.0,0.0,0.0,,popularity-detector-bolt,0.038262097955105344,0.001,0.001,0.001
